ID_Partido,Ronda,Duracion,AÃ±o,ID_Torneo,ID_Juez,ID_Jug_Ganador,ID_Jug_Perdedor,Resultado
300,F,115,2020,29,,104925,104745,6-2 7-6(4)
299,F,97,2020,29,,105138,105583,7-5 6-1
298,SF,167,2020,29,,104925,106421,6-1 5-7 6-4
297,SF,108,2020,29,,105583,111575,7-5 7-6(1)
296,SF,133,2020,29,,104745,200282,4-6 7-5 6-1
295,SF,81,2020,29,,105138,106401,6-1 6-4
294,QF,160,2020,29,,104925,133430,4-6 6-1 7-6(4)
293,QF,99,2020,29,,105583,200000,6-4 6-2
292,QF,142,2020,29,,106421,106043,6-4 4-6 6-3
291,QF,98,2020,29,,111575,105550,6-2 7-6(4)
290,QF,203,2020,29,,105554,200282,7-6(4) 4-6 7-6(2)
289,QF,72,2020,29,,106401,111815,6-2 6-2
288,QF,143,2020,29,,105676,104745,6-4 7-6(3)
287,QF,90,2020,29,,105138,106293,6-1 6-4
286,RR,91,2020,29,,104925,104792,6-3 6-2
285,RR,125,2020,29,,105332,105583,6-2 6-7(6) 6-4
284,RR,139,2020,29,,104925,104731,7-6(5) 7-6(6)
283,RR,135,2020,29,,105583,144750,3-6 7-6(4) 6-3
282,RR,72,2020,29,,104925,106426,6-3 6-3
281,RR,93,2020,29,,105583,111797,6-2 7-6(3)
280,RR,153,2020,29,,104731,105332,2-6 7-6(1) 7-6(5)
279,RR,135,2020,29,,104468,144750,2-6 6-2 6-2
278,RR,79,2020,29,,104792,106426,6-3 7-5
277,RR,132,2020,29,,105332,111797,6-7(3) 6-3 6-3
276,RR,74,2020,29,,104731,106426,6-0 6-3
275,RR,81,2020,29,,144750,111797,6-4 6-4
274,RR,127,2020,29,,104745,106415,7-6(4) 6-4
273,RR,79,2020,29,,105138,104424,6-2 6-4
272,RR,109,2020,29,,104745,105932,6-3 7-5
271,RR,72,2020,29,,105138,106223,6-0 6-0
270,RR,73,2020,29,,104745,104655,6-2 6-1
269,RR,57,2020,29,,105138,208364,6-1 6-2
268,RR,82,2020,29,,106415,105932,6-2 6-3
267,RR,135,2020,29,,104424,106223,4-6 6-3 6-2
266,RR,54,2020,29,,106415,104655,6-0 6-1
265,RR,77,2020,29,,104424,105899,6-1 6-3
264,RR,127,2020,29,,105932,104655,6-4 1-6 6-4
263,RR,52,2020,29,,106223,208364,6-2 6-1
262,RR,108,2020,29,,105554,105676,6-4 6-4
261,RR,72,2020,29,,104327,111815,6-2 6-4
260,RR,148,2020,29,,105676,105777,4-6 6-2 6-2
259,RR,77,2020,29,,106220,104327,6-0 6-3
258,RR,82,2020,29,,105676,105430,6-4 6-1
257,RR,190,2020,29,,104327,126612,6-4 6-7(4) 7-5
256,RR,136,2020,29,,105777,105554,2-6 6-4 6-1
255,RR,119,2020,29,,111815,106220,6-2 3-6 6-2
254,RR,72,2020,29,,105554,105430,6-2 6-2
253,RR,71,2020,29,,111815,126612,6-2 6-2
252,RR,83,2020,29,,105777,105430,6-2 6-3
251,RR,108,2020,29,,106220,126612,6-1 7-5
250,RR,107,2020,29,,106421,104926,1-6 6-1 6-3
249,RR,88,2020,29,,111575,105882,7-5 6-3
248,RR,60,2020,29,,106421,104545,6-3 6-1
247,RR,111,2020,29,,111575,126203,3-6 7-5 6-1
246,RR,93,2020,29,,106421,134770,6-3 7-6(6)
245,RR,61,2020,29,,111575,126340,6-2 6-1
244,RR,89,2020,29,,104926,104545,6-4 7-6(5)
243,RR,102,2020,29,,105882,126203,7-6(3) 7-6(1)
242,RR,66,2020,29,,134770,104926,6-2 6-2
241,RR,56,2020,29,,105882,126340,6-1 6-1
240,RR,163,2020,29,,134770,104545,6-7(3) 7-6(10) 7-5
239,RR,61,2020,29,,126203,126340,6-2 6-2
238,RR,162,2020,29,,106432,106233,7-6(4) 2-6 6-3
237,RR,146,2020,29,,105227,110602,6-7(4) 6-4 6-4
236,RR,113,2020,29,,106233,106043,6-3 7-6(3)
235,RR,134,2020,29,,110602,105550,0-6 6-4 6-4
234,RR,155,2020,29,,128034,106233,3-6 6-4 7-6(5)
233,RR,153,2020,29,,200390,110602,5-7 7-6(3) 6-3
232,RR,75,2020,29,,106043,106432,6-2 6-2
231,RR,113,2020,29,,105550,105227,7-6(1) 6-3
230,RR,70,2020,29,,128034,106432,6-2 6-2
229,RR,129,2020,29,,105227,200390,7-6(8) 6-4
228,RR,138,2020,29,,128034,106043,4-6 6-2 6-3
227,RR,124,2020,29,,105550,111794,6-2 2-6 6-2
226,RR,73,2020,29,,126774,100644,6-1 6-4
225,RR,69,2020,29,,105526,133018,6-4 6-1
224,RR,70,2020,29,,133430,100644,6-2 6-2
223,RR,74,2020,29,,105526,200000,6-1 6-4
222,RR,164,2020,29,,200282,100644,4-6 7-6(3) 6-2
221,RR,72,2020,29,,106401,105526,6-4 7-6(4)
220,RR,123,2020,29,,133430,126774,7-6(6) 7-6(4)
219,RR,69,2020,29,,200000,133018,6-1 6-3
218,RR,154,2020,29,,106401,126774,7-6(7) 6-7(3) 7-6(5)
217,RR,147,2020,29,,105357,133018,4-6 6-1 7-6(1)
216,RR,180,2020,29,,200282,133430,6-7(6) 6-4 6-2
215,RR,101,2020,29,,105357,200000,6-4 6-2
300,F,86,2020,6,,126094,144895,6-2 7-6(3)
299,SF,120,2020,6,,144895,104527,3-6 7-5 6-3
298,SF,53,2020,6,,126094,200175,6-3 6-1
297,QF,83,2020,6,,104527,105379,6-3 6-4
296,QF,132,2020,6,,144895,104269,6-4 4-6 6-4
295,QF,55,2020,6,,200175,105916,6-2 6-0
294,QF,101,2020,6,,126094,105732,6-4 6-3
293,R16,87,2020,6,,104527,104871,6-3 6-4
292,R16,89,2020,6,,105379,122330,6-3 7-5
291,R16,119,2020,6,,144895,105683,7-6(4) 7-6(4)
290,R16,125,2020,6,,104269,105936,7-5 4-6 6-0
289,R16,73,2020,6,,105916,117356,6-1 6-4
288,R16,74,2020,6,,200175,104542,7-6(9) 6-1
287,R16,62,2020,6,,105732,111513,6-1 6-3
286,R16,69,2020,6,,126094,105062,6-4 6-2
284,R32,106,2020,6,,104871,106296,6-3 3-6 6-3
283,R32,130,2020,6,,105379,144707,3-6 6-4 6-3
282,R32,69,2020,6,,122330,105173,6-3 6-4
280,R32,105,2020,6,,144895,105815,7-6(3) 6-4
279,R32,89,2020,6,,104269,104665,6-4 6-3
278,R32,135,2020,6,,105936,106378,4-6 6-3 6-3
277,R32,141,2020,6,,105916,126207,6-4 4-6 6-4
276,R32,112,2020,6,,117356,105575,6-2 4-6 6-2
275,R32,84,2020,6,,200175,111442,6-4 6-2
273,R32,114,2020,6,,111513,132283,6-1 3-6 6-2
272,R32,71,2020,6,,105732,106065,6-3 6-4
271,R32,68,2020,6,,105062,104291,6-0 6-3
300,F,56,2020,7,,126094,144750,6-3 6-0
299,SF,128,2020,7,,144750,126205,6-4 6-7(3) 6-3
298,SF,179,2020,7,,126094,200000,7-6(5) 6-7(7) 6-4
297,QF,77,2020,7,,126205,105077,6-3 6-4
296,QF,66,2020,7,,144750,105807,6-3 6-3
295,QF,121,2020,7,,126094,105554,6-4 3-6 6-3
294,QF,55,2020,7,,200000,106109,6-3 6-0
293,R16,116,2020,7,,105077,144719,7-6(3) 6-3
292,R16,59,2020,7,,126205,104655,6-1 6-2
291,R16,75,2020,7,,105807,104871,6-3 6-2
290,R16,107,2020,7,,144750,111513,7-6(5) 6-3
289,R16,74,2020,7,,105554,122330,7-5 6-2
288,R16,54,2020,7,,126094,105023,6-3 6-3
287,R16,67,2020,7,,106109,105526,6-3 6-4
286,R16,97,2020,7,,200000,105902,6-3 7-6(0)
284,R32,156,2020,7,,105077,111442,6-4 6-7(5) 6-3
283,R32,72,2020,7,,126205,105379,6-4 6-4
282,R32,138,2020,7,,104655,124187,5-7 7-6(9) 7-6(2)
280,R32,93,2020,7,,104871,104468,6-3 7-5
279,R32,142,2020,7,,111513,200615,7-6(3) 3-6 6-4
278,R32,135,2020,7,,144750,106426,7-6(5) 3-6 6-4
277,R32,96,2020,7,,122330,126203,6-4 7-6(4)
276,R32,83,2020,7,,105554,106228,6-2 6-4
275,R32,106,2020,7,,105023,106296,6-7(4) 6-2 7-6(5)
273,R32,69,2020,7,,105526,106099,6-4 6-2
272,R32,93,2020,7,,106109,103565,6-4 2-6 6-0
271,R32,67,2020,7,,105902,105643,6-4 6-4
300,F,154,2020,8,,200005,105332,7-6(2) 3-6 7-6(5)
299,SF,109,2020,8,,105332,128034,6-4 6-7(1) 6-2
298,SF,81,2020,8,,200005,104545,7-6(5) 6-4
297,QF,131,2020,8,,128034,103852,6-4 6-7(11) 6-4
296,QF,102,2020,8,,105332,105357,3-6 6-1 6-4
295,QF,116,2020,8,,104545,106378,7-6(5) 7-6(5)
294,QF,88,2020,8,,200005,133430,7-5 6-4
293,R16,116,2020,8,,103852,104926,3-6 6-4 6-3
292,R16,95,2020,8,,128034,144707,6-2 7-6(2)
291,R16,110,2020,8,,105357,111575,4-6 6-3 6-3
290,R16,115,2020,8,,105332,106329,4-6 6-4 6-3
289,R16,95,2020,8,,106378,104312,6-3 7-6(4)
288,R16,135,2020,8,,104545,105815,7-6(3) 6-7(1) 6-3
287,R16,54,2020,8,,200005,106065,6-1 6-4
286,R16,111,2020,8,,133430,105577,6-4 7-6(2)
284,R32,148,2020,8,,103852,104665,3-6 7-6(4) 6-4
283,R32,128,2020,8,,144707,126207,6-4 5-7 6-1
282,R32,106,2020,8,,128034,132283,7-5 6-3
280,R32,106,2020,8,,105357,111581,7-6(5) 6-4
279,R32,91,2020,8,,106329,111815,7-6(3) 6-2
278,R32,115,2020,8,,105332,206173,6-4 2-6 6-4
277,R32,128,2020,8,,104312,105173,3-6 6-4 6-4
276,R32,111,2020,8,,106378,200221,6-2 4-6 6-3
275,R32,70,2020,8,,105815,105030,6-4 6-3
273,R32,187,2020,8,,106065,104919,7-6(6) 6-7(18) 7-6(2)
272,R32,138,2020,8,,200005,134770,7-6(3) 2-6 6-3
271,R32,75,2020,8,,105577,105311,6-4 6-2
100,R128,122,2020,1,,104745,106198,6-2 6-3 6-0
101,R128,139,2020,1,,105643,105311,6-3 6-4 7-6(3)
102,R128,125,2020,1,,105376,111153,7-6(1) 6-3 4-6 6-0
103,R128,157,2020,1,,105807,106075,6-4 3-6 6-1 7-6(2)
104,R128,133,2020,1,,106401,132283,6-2 7-6(3) 7-6(1)
105,R128,109,2020,1,,104468,104655,6-1 6-3 6-3
106,R128,119,2020,1,,144707,106034,6-4 6-1 6-2
107,R128,170,2020,1,,111575,106408,4-6 6-4 7-6(4) 6-3
108,R128,104,2020,1,,104792,104229,6-1 6-4 6-2
109,R128,121,2020,1,,103333,105577,7-6(4) 6-4 7-5
110,R128,236,2020,1,,105379,105902,6-4 6-7(5) 6-7(5) 6-2 6-4
111,R128,215,2020,1,,105208,200000,7-5 4-6 7-6(4) 6-4
112,R128,86,2020,1,,126203,134868,6-3 6-3 6-3
113,R128,234,2020,1,,104731,125802,6-4 2-6 4-6 6-4 7-6(8)
114,R128,204,2020,1,,106109,105077,7-6(1) 1-6 6-7(5) 6-1 6-4
115,R128,141,2020,1,,106233,105173,6-3 7-5 6-2
116,R128,156,2020,1,,106421,126207,6-3 4-6 6-4 6-2
117,R128,129,2020,1,,124079,136440,6-3 6-4 7-5
118,R128,209,2020,1,,144719,200384,7-5 5-7 6-0 6-3
119,R128,101,2020,1,,200615,104542,6-7(5) 6-2 6-1 0-0 RET
120,R128,207,2020,1,,104545,106329,6-7(5) 7-6(4) 7-6(7) 7-6(5)
121,R128,203,2020,1,,126214,123755,4-6 6-3 6-4 6-7(6) 6-4
122,R128,121,2020,1,,104312,200175,6-4 6-4 7-6(3)
123,R128,176,2020,1,,104527,106000,7-5 6-7(4) 6-4 6-4
124,R128,108,2020,1,,105676,104871,6-4 6-3 6-1
125,R128,222,2020,1,,105732,111815,7-5 3-6 3-6 7-5 6-4
126,R128,75,2020,1,,105216,200611,6-2 6-0 6-3
127,R128,135,2020,1,,126094,106331,6-3 0-6 6-4 7-6(5)
128,R128,235,2020,1,,105932,126952,6-7(5) 6-4 7-5 3-6 6-3
129,R128,97,2020,1,,104269,105539,7-5 6-2 6-1
130,R128,214,2020,1,,106078,134770,6-3 7-6(6) 1-6 4-6 7-6(6)
131,R128,143,2020,1,,100644,106065,6-4 7-6(4) 6-3
132,R128,114,2020,1,,126610,106302,6-3 6-1 6-3
133,R128,122,2020,1,,105815,105477,6-1 6-4 7-5
134,R128,118,2020,1,,105575,106148,6-4 6-2 6-2
135,R128,104,2020,1,,105023,106432,6-3 6-4 6-4
136,R128,126,2020,1,,105550,105441,6-3 7-5 6-4
137,R128,207,2020,1,,106296,105633,6-7(8) 7-6(1) 6-4 7-6(5)
138,R128,138,2020,1,,111442,122330,6-4 6-3 6-2
139,R128,218,2020,1,,104926,124187,3-6 6-7(3) 6-4 6-3 7-6(5)
140,R128,193,2020,1,,105916,133430,6-3 6-7(7) 6-1 7-6(3)
141,R128,139,2020,1,,206173,126845,7-6(2) 6-2 6-4
142,R128,159,2020,1,,126205,104919,4-6 6-4 6-4 6-4
143,R128,150,2020,1,,105777,106228,4-6 6-2 6-0 6-4
144,R128,185,2020,1,,128034,110602,6-7(4) 1-6 6-2 6-3 6-4
145,R128,204,2020,1,,105357,200005,7-6(3) 6-3 1-6 7-5
146,R128,234,2020,1,,105936,111460,7-6(7) 7-6(1) 3-6 4-6 7-5
147,R128,81,2020,1,,103819,105449,6-3 6-2 6-2
148,R128,103,2020,1,,126774,106099,6-0 6-2 6-3
149,R128,116,2020,1,,104259,106218,7-5 6-1 6-2
150,R128,131,2020,1,,106426,105882,6-4 6-3 6-4
151,R128,87,2020,1,,105683,105841,6-2 6-1 6-3
152,R128,199,2020,1,,105332,105649,6-4 3-6 6-3 6-7(2) 6-0
153,R128,106,2020,1,,105227,144895,6-3 6-2 6-4
154,R128,119,2020,1,,111581,104665,6-1 6-4 6-4
155,R128,130,2020,1,,105138,103852,6-2 6-2 7-5
156,R128,105,2020,1,,106043,144750,6-4 6-2 6-2
157,R128,184,2020,1,,200221,105613,4-6 6-4 2-6 6-3 6-2
158,R128,257,2020,1,,117360,105062,6-4 6-3 4-6 6-7(8) 6-4
159,R128,166,2020,1,,105583,106378,7-6(7) 6-3 7-6(4)
160,R128,201,2020,1,,105554,111456,3-6 4-6 6-1 6-2 6-3
161,R128,174,2020,1,,106415,111513,6-4 3-6 6-2 7-6(1)
162,R128,121,2020,1,,105147,105432,6-4 6-2 7-5
163,R128,136,2020,1,,104925,105526,7-6(5) 6-2 2-6 6-1
164,R64,150,2020,1,,104745,105643,6-3 7-6(4) 6-1
165,R64,128,2020,1,,105807,105376,6-4 6-1 1-6 6-4
166,R64,169,2020,1,,106401,104468,6-2 6-4 4-6 7-5
167,R64,274,2020,1,,111575,144707,6-2 2-6 6-4 3-6 7-6(8)
168,R64,152,2020,1,,104792,103333,4-6 7-6(8) 6-4 7-5
169,R64,140,2020,1,,105208,105379,7-5 6-3 6-2
170,R64,201,2020,1,,126203,104731,4-6 6-7(5) 7-6(4) 6-2 6-2
171,R64,202,2020,1,,106233,106109,6-2 5-7 6-7(5) 6-1 6-2
172,R64,129,2020,1,,106421,124079,7-5 6-1 6-3
173,R64,124,2020,1,,200615,144719,6-2 7-6(5) 6-2
174,R64,84,2020,1,,104545,126214,6-4 6-3 6-3
175,R64,218,2020,1,,104527,104312,4-6 7-5 6-3 3-6 6-4
176,R64,186,2020,1,,105676,105732,6-1 6-4 4-6 1-6 6-3
177,R64,113,2020,1,,126094,105216,6-2 6-3 7-6(5)
178,R64,169,2020,1,,104269,105932,4-6 7-6(5) 6-4 6-4
179,R64,139,2020,1,,100644,106078,7-6(5) 6-4 7-5
180,R64,203,2020,1,,105815,126610,7-6(7) 6-4 4-6 2-6 7-5
181,R64,155,2020,1,,105023,105575,7-6(2) 4-6 6-4 6-4
182,R64,131,2020,1,,105550,106296,6-1 6-4 3-6 6-3
183,R64,245,2020,1,,104926,111442,7-6(4) 6-1 3-6 4-6 7-6(4)
184,R64,136,2020,1,,105916,206173,6-4 6-4 6-3
185,R64,259,2020,1,,126205,105777,6-4 7-6(6) 3-6 6-7(3) 7-6(3)
186,R64,148,2020,1,,105357,128034,6-4 7-5 6-3
187,R64,92,2020,1,,103819,105936,6-1 6-4 6-1
188,R64,0,2020,1,,126774,104259,W/O
189,R64,97,2020,1,,105683,106426,6-3 6-4 6-2
190,R64,213,2020,1,,105227,105332,6-2 6-7(6) 3-6 6-1 7-6(3)
191,R64,164,2020,1,,105138,111581,5-7 6-2 6-4 6-1
192,R64,116,2020,1,,106043,200221,6-1 6-4 6-2
193,R64,112,2020,1,,105583,117360,6-2 6-4 6-3
194,R64,119,2020,1,,106415,105554,6-4 6-3 6-4
195,R64,95,2020,1,,104925,105147,6-1 6-4 6-2
196,R32,98,2020,1,,104745,105807,6-1 6-2 6-4
197,R32,266,2020,1,,106401,111575,6-2 7-6(5) 6-7(6) 6-7(7) 7-6(8)
198,R32,147,2020,1,,104792,105208,7-6(2) 6-4 6-3
199,R32,170,2020,1,,106233,126203,6-2 6-4 6-7(5) 6-4
200,R32,107,2020,1,,106421,200615,6-4 6-3 6-2
201,R32,65,2020,1,,104527,104545,6-4 4-1 RET
202,R32,180,2020,1,,126094,105676,2-6 7-6(3) 6-4 7-6(4)
203,R32,116,2020,1,,100644,104269,6-2 6-2 6-4
204,R32,112,2020,1,,105815,105023,6-4 6-4 6-4
205,R32,129,2020,1,,104926,105550,7-6(0) 6-2 6-3
206,R32,106,2020,1,,105916,126205,6-1 6-1 6-4
207,R32,243,2020,1,,103819,105357,4-6 7-6(2) 6-4 4-6 7-6(8)
208,R32,150,2020,1,,105683,126774,7-5 6-4 7-6(2)
209,R32,250,2020,1,,105227,105138,6-7(3) 6-4 6-0 5-7 6-3
210,R32,133,2020,1,,106043,105583,6-2 6-3 7-6(7)
211,R32,85,2020,1,,104925,106415,6-3 6-2 6-2
212,R16,218,2020,1,,104745,106401,6-3 3-6 7-6(6) 7-6(4)
213,R16,110,2020,1,,106233,104792,6-2 6-4 6-4
214,R16,205,2020,1,,104527,106421,6-2 2-6 4-6 7-6(2) 6-2
215,R16,97,2020,1,,100644,126094,6-4 6-4 6-4
216,R16,207,2020,1,,105815,104926,7-6(5) 7-5 6-7(2) 6-4
217,R16,131,2020,1,,103819,105916,4-6 6-1 6-2 6-2
218,R16,139,2020,1,,105683,105227,6-4 6-3 7-5
219,R16,126,2020,1,,104925,106043,6-3 6-4 6-4
220,QF,250,2020,1,,106233,104745,7-6(3) 7-6(4) 4-6 7-6(6)
221,QF,139,2020,1,,100644,104527,1-6 6-3 6-4 6-2
222,QF,211,2020,1,,103819,105815,6-3 2-6 2-6 7-6(8) 6-3
223,QF,169,2020,1,,104925,105683,6-4 6-3 7-6(1)
224,SF,222,2020,1,,106233,100644,3-6 6-4 7-6(3) 7-6(4)
225,SF,138,2020,1,,104925,103819,7-6(1) 6-4 6-3
226,F,239,2020,1,,104925,106233,6-4 4-6 2-6 6-3 6-4
300,F,124,2020,9,,106426,106043,2-6 6-4 6-0
299,SF,117,2020,9,,106043,111513,6-1 1-6 6-2
298,SF,117,2020,9,,106426,105413,2-6 6-2 6-2
297,QF,100,2020,9,,106043,105077,6-0 7-6(0)
296,QF,162,2020,9,,111513,106228,6-7(5) 6-3 7-6(5)
295,QF,117,2020,9,,106426,104655,1-6 6-3 6-4
294,QF,91,2020,9,,105413,144895,6-3 6-2
293,R16,103,2020,9,,106043,144719,6-1 7-5
292,R16,199,2020,9,,105077,104665,6-3 6-7(4) 6-4
291,R16,91,2020,9,,111513,124079,6-3 6-4
290,R16,85,2020,9,,106228,106398,6-3 6-3
289,R16,139,2020,9,,104655,126149,6-7(5) 7-6(2) 6-1
288,R16,68,2020,9,,106426,105226,6-3 6-0
287,R16,120,2020,9,,105413,126535,6-3 7-6(7)
286,R16,180,2020,9,,144895,105550,6-7(4) 7-5 6-3
284,R32,80,2020,9,,144719,104919,6-4 6-3
283,R32,78,2020,9,,104665,106110,6-2 6-2
282,R32,119,2020,9,,105077,105487,6-4 7-6(3)
280,R32,132,2020,9,,124079,105943,4-6 6-3 6-4
279,R32,57,2020,9,,106398,106198,6-1 6-1
278,R32,69,2020,9,,106228,106065,6-2 7-5
277,R32,95,2020,9,,104655,105643,7-5 6-2
276,R32,94,2020,9,,126149,126663,6-2 3-6 6-2
275,R32,120,2020,9,,105226,132283,6-2 7-6(3)
273,R32,108,2020,9,,126535,104269,4-6 6-1 6-4
272,R32,128,2020,9,,105413,105948,7-6(5) 6-4
271,R32,77,2020,9,,144895,106329,6-4 6-3
300,F,97,2020,10,,104792,105577,7-5 6-3
299,SF,82,2020,10,,104792,105936,7-6(4) 6-2
298,SF,141,2020,10,,105577,105676,6-3 1-6 7-5
297,QF,72,2020,10,,104792,105613,6-3 6-4
296,QF,74,2020,10,,105936,106296,6-2 7-5
295,QF,31,2020,10,,105577,104755,6-1 1-0 RET
294,QF,98,2020,10,,105676,105732,6-4 7-6(5)
293,R16,120,2020,10,,104792,105173,4-6 6-1 6-4
292,R16,72,2020,10,,105613,200325,7-5 6-4
291,R16,153,2020,10,,106296,105777,6-7(4) 6-4 7-5
290,R16,77,2020,10,,105936,144707,6-1 6-1
289,R16,125,2020,10,,104755,103852,6-7(1) 6-4 6-2
288,R16,56,2020,10,,105577,133430,6-2 6-3
287,R16,108,2020,10,,105732,200000,7-6(2) 7-5
286,R16,106,2020,10,,105676,122330,6-3 7-6(9)
284,R32,115,2020,10,,105173,200615,6-0 6-7(7) 6-0
283,R32,118,2020,10,,200325,110602,7-6(3) 4-6 6-2
282,R32,103,2020,10,,105613,105807,3-6 6-4 6-3
280,R32,107,2020,10,,106296,105311,6-2 7-6(6)
279,R32,85,2020,10,,144707,206173,6-3 6-4
278,R32,86,2020,10,,105936,111505,6-4 6-4
277,R32,69,2020,10,,103852,200005,6-4 6-1
276,R32,87,2020,10,,104755,104468,6-4 6-4
275,R32,76,2020,10,,105577,105379,6-3 6-4
273,R32,149,2020,10,,200000,106000,6-7(5) 6-2 6-2
272,R32,90,2020,10,,105732,104660,6-2 7-5
271,R32,129,2020,10,,122330,105967,6-7(2) 6-1 7-6(2)
300,F,131,2020,11,,106210,106078,7-6(2) 5-7 6-3
299,SF,90,2020,11,,106078,105902,7-6(2) 6-4
298,SF,182,2020,11,,106210,105575,6-7(8) 7-6(3) 7-6(7)
297,QF,88,2020,11,,105902,105406,6-3 7-6(4)
296,QF,141,2020,11,,106078,126952,4-6 7-6(1) 6-4
295,QF,149,2020,11,,106210,125802,2-6 6-1 7-6(11)
294,QF,136,2020,11,,105575,105216,4-6 7-6(4) 6-2
293,R16,77,2020,11,,105406,105332,6-4 6-4
292,R16,172,2020,11,,105902,106121,6-7(4) 7-6(6) 6-3
291,R16,103,2020,11,,126952,105432,6-3 7-6(5)
290,R16,106,2020,11,,106078,110748,2-6 6-3 6-2
289,R16,110,2020,11,,106210,106099,7-6(5) 6-4
288,R16,120,2020,11,,125802,105882,7-6(5) 7-6(3)
287,R16,0,2020,11,,105216,104678,W/O
286,R16,101,2020,11,,105575,105649,7-6(2) 6-1
284,R32,58,2020,11,,105406,104586,6-3 6-2
283,R32,99,2020,11,,106121,124154,6-2 7-6(7)
282,R32,83,2020,11,,105902,105376,7-6(5) 6-4
280,R32,98,2020,11,,105432,120424,7-6(4) 7-6(5)
279,R32,100,2020,11,,110748,126156,7-6(5) 6-4
278,R32,72,2020,11,,106078,103893,6-2 6-3
277,R32,143,2020,11,,106099,106368,3-6 6-4 7-5
276,R32,75,2020,11,,106210,111459,6-2 6-4
275,R32,69,2020,11,,125802,105539,6-3 6-2
273,R32,72,2020,11,,105216,105341,6-3 6-0
272,R32,139,2020,11,,104678,111576,6-2 6-7(4) 6-1
271,R32,64,2020,11,,105649,103333,6-3 6-4
300,F,70,2020,12,,134770,105155,6-1 6-4
299,SF,0,2020,12,,105155,106043,W/O
298,SF,132,2020,12,,134770,106228,4-6 7-5 6-1
297,QF,221,2020,12,,106043,104655,5-7 7-6(11) 7-5
296,QF,102,2020,12,,105155,106329,7-6(5) 6-4
295,QF,85,2020,12,,134770,105583,7-5 6-1
294,QF,114,2020,12,,106228,105550,6-4 7-6(4)
293,R16,152,2020,12,,106043,105643,6-3 4-6 6-2
292,R16,160,2020,12,,104655,105077,6-4 4-6 6-4
291,R16,105,2020,12,,106329,106432,6-4 7-6(6)
290,R16,130,2020,12,,105155,106075,7-6(3) 7-6(5)
289,R16,57,2020,12,,134770,106148,6-1 6-0
288,R16,127,2020,12,,105583,124079,7-6(6) 7-6(6)
287,R16,119,2020,12,,106228,111513,6-7(3) 6-2 6-1
286,R16,192,2020,12,,105550,105487,7-6(2) 6-7(2) 6-4
284,R32,119,2020,12,,105643,106198,1-6 6-3 7-5
283,R32,97,2020,12,,104655,132283,6-4 6-4
282,R32,134,2020,12,,105077,104919,4-6 6-3 7-5
280,R32,101,2020,12,,106329,144719,6-3 6-3
279,R32,130,2020,12,,106075,144895,6-3 7-6(4)
278,R32,110,2020,12,,105155,207680,4-6 6-2 6-3
277,R32,72,2020,12,,134770,104665,6-2 6-3
276,R32,99,2020,12,,106148,106065,6-4 7-6(3)
275,R32,138,2020,12,,124079,106249,7-6(0) 7-5
273,R32,119,2020,12,,111513,202103,6-2 2-6 6-4
272,R32,118,2020,12,,106228,106110,6-4 4-6 6-2
271,R32,84,2020,12,,105487,105413,6-4 6-1
300,F,81,2020,13,,106378,104312,7-5 6-1
299,SF,83,2020,13,,104312,105359,6-3 6-2
298,SF,71,2020,13,,106378,200175,6-1 6-4
297,QF,134,2020,13,,104312,111442,6-7(2) 6-4 6-1
296,QF,111,2020,13,,105359,124187,5-7 6-4 6-4
295,QF,108,2020,13,,200175,200005,3-6 6-2 6-4
294,QF,127,2020,13,,106378,126952,3-6 6-2 7-6(5)
293,R16,151,2020,13,,111442,104545,7-6(2) 6-7(3) 6-3
292,R16,89,2020,13,,104312,105449,7-6(4) 6-3
291,R16,75,2020,13,,124187,106415,6-4 6-4
290,R16,77,2020,13,,105359,111815,6-4 6-4
289,R16,73,2020,13,,200175,103893,6-3 6-3
288,R16,50,2020,13,,200005,106218,6-1 6-0
287,R16,93,2020,13,,106378,136440,6-2 6-4
286,R16,144,2020,13,,126952,105683,7-6(4) 6-7(4) 6-4
284,R32,83,2020,13,,111442,103333,6-3 7-6(2)
283,R32,127,2020,13,,104312,106000,6-3 1-6 7-6(6)
282,R32,140,2020,13,,105449,105815,6-7(5) 6-3 7-6(3)
280,R32,97,2020,13,,106415,105967,6-3 0-6 6-2
279,R32,88,2020,13,,105359,104731,7-6(6) 6-4
278,R32,79,2020,13,,111815,208108,7-5 6-3
277,R32,77,2020,13,,200175,126205,6-4 6-2
276,R32,121,2020,13,,103893,105905,4-6 6-4 6-0
275,R32,76,2020,13,,106218,106058,6-3 6-4
273,R32,103,2020,13,,106378,106034,7-5 6-4
272,R32,76,2020,13,,136440,111790,6-4 6-3
271,R32,134,2020,13,,126952,104424,6-2 6-7(2) 6-3
300,F,86,2020,16,,104792,200000,6-2 6-4
299,SF,105,2020,16,,104792,105936,6-4 7-6(5)
298,SF,109,2020,16,,200000,105807,7-6(2) 6-4
297,QF,90,2020,16,,105936,126094,7-6(2) 6-4
296,QF,112,2020,16,,104792,105554,7-6(5) 6-2
295,QF,164,2020,16,,105807,206173,7-5 3-6 7-6(6)
294,QF,111,2020,16,,200000,105379,6-4 7-6(6)
293,R16,115,2020,16,,105936,105577,6-4 7-6(7)
292,R16,69,2020,16,,126094,122330,7-5 6-3
291,R16,90,2020,16,,104792,104468,6-4 6-1
290,R16,128,2020,16,,105554,111575,4-6 6-3 6-4
289,R16,148,2020,16,,105807,105138,6-4 2-6 7-6(4)
288,R16,119,2020,16,,206173,105676,7-6(7) 7-5
287,R16,77,2020,16,,200000,105777,6-4 6-2
286,R16,92,2020,16,,105379,126774,7-5 6-4
285,R32,67,2020,16,,105577,106421,6-4 6-3
284,R32,61,2020,16,,105936,134868,6-4 6-1
283,R32,107,2020,16,,122330,106296,6-3 6-7(2) 6-4
282,R32,55,2020,16,,126094,105932,6-2 6-3
281,R32,70,2020,16,,104792,105311,6-3 6-2
280,R32,161,2020,16,,104468,105062,7-6(3) 3-6 6-3
279,R32,76,2020,16,,105554,104259,6-3 7-5
278,R32,79,2020,16,,111575,104926,6-3 6-3
277,R32,137,2020,16,,105138,105916,4-6 7-6(1) 6-1
276,R32,165,2020,16,,105807,105173,7-5 6-7(3) 6-4
275,R32,0,2020,16,,206173,105430,W/O
274,R32,149,2020,16,,105676,104898,3-6 7-6(5) 6-4
273,R32,89,2020,16,,105777,133430,6-3 7-6(3)
272,R32,119,2020,16,,200000,105526,6-3 1-6 6-3
271,R32,63,2020,16,,105379,105332,6-2 6-4
270,R32,127,2020,16,,126774,128034,6-7(2) 6-3 6-1
300,F,129,2020,14,,124187,106415,7-5 6-7(4) 6-2
299,SF,101,2020,14,,106415,200005,1-6 6-4 6-0
298,SF,127,2020,14,,124187,105683,4-6 7-6(6) 6-3
297,QF,71,2020,14,,200005,126207,6-1 6-2
296,QF,145,2020,14,,106415,206909,3-6 7-6(5) 6-4
295,QF,66,2020,14,,124187,126952,6-3 6-4
294,QF,98,2020,14,,105683,105449,7-6(6) 6-3
293,R16,106,2020,14,,126207,126205,7-5 7-6(4)
292,R16,102,2020,14,,200005,200175,6-4 7-6(6)
291,R16,81,2020,14,,206909,111815,7-5 6-2
290,R16,55,2020,14,,106415,111511,6-1 6-2
289,R16,158,2020,14,,126952,105992,6-4 3-6 7-6(0)
288,R16,64,2020,14,,124187,111456,6-3 6-4
287,R16,124,2020,14,,105449,106058,6-4 5-7 6-1
286,R16,96,2020,14,,105683,105649,7-5 6-3
285,R32,70,2020,14,,126205,123755,6-2 6-4
284,R32,89,2020,14,,126207,105877,7-6(3) 6-2
283,R32,27,2020,14,,200175,111442,6-2 0-0 RET
282,R32,146,2020,14,,200005,111578,6-7(5) 6-3 6-1
281,R32,132,2020,14,,111815,126203,6-4 6-7(4) 6-4
280,R32,81,2020,14,,206909,106210,7-6(4) 6-1
279,R32,74,2020,14,,111511,105359,6-3 4-3 RET
278,R32,116,2020,14,,106415,105357,3-6 6-4 6-2
277,R32,120,2020,14,,126952,105173,1-6 6-3 6-2
276,R32,85,2020,14,,105992,106000,6-3 6-2
275,R32,90,2020,14,,111456,106034,6-2 7-6(5)
274,R32,159,2020,14,,124187,105208,6-7(5) 6-4 7-6(4)
273,R32,135,2020,14,,106058,105430,3-6 6-3 7-6(2)
272,R32,85,2020,14,,105449,105967,7-6(5) 6-4
271,R32,99,2020,14,,105649,106071,6-2 3-6 6-2
270,R32,65,2020,14,,105683,104797,6-2 6-2
300,F,86,2020,17,,126774,200000,6-3 6-4
299,SF,119,2020,17,,200000,104468,7-5 7-6(2)
298,SF,68,2020,17,,126774,122330,7-5 6-3
297,QF,67,2020,17,,104468,106421,6-4 6-0
296,QF,98,2020,17,,200000,106078,7-5 6-2
295,QF,137,2020,17,,122330,133430,7-5 4-6 6-3
294,QF,86,2020,17,,126774,105577,7-5 6-3
293,R16,79,2020,17,,106421,206173,1-6 6-1 6-2
292,R16,111,2020,17,,104468,105379,7-6(6) 6-4
291,R16,92,2020,17,,106078,105676,6-4 7-6(5)
290,R16,160,2020,17,,200000,105732,6-0 6-7(6) 7-6(9)
289,R16,97,2020,17,,122330,105332,3-6 6-4 6-4
288,R16,119,2020,17,,133430,105227,6-4 4-6 6-2
287,R16,88,2020,17,,105577,128034,6-3 6-4
286,R16,71,2020,17,,126774,144707,6-1 6-3
284,R32,123,2020,17,,206173,105613,6-4 7-6(5)
283,R32,116,2020,17,,104468,208004,6-4 7-6(3)
282,R32,142,2020,17,,105379,111575,4-6 6-4 7-5
280,R32,83,2020,17,,106078,110602,7-6(3) 6-3
279,R32,108,2020,17,,105732,105062,7-6(4) 6-4
278,R32,151,2020,17,,200000,105882,6-7(3) 7-6(6) 6-3
277,R32,77,2020,17,,105332,106296,6-4 7-6(1)
276,R32,84,2020,17,,122330,105916,6-4 7-5
275,R32,143,2020,17,,105227,125802,3-6 7-6(5) 6-4
273,R32,64,2020,17,,128034,126156,6-4 6-1
272,R32,89,2020,17,,105577,200325,7-6(6) 6-3
271,R32,142,2020,17,,144707,104755,6-3 3-6 7-5
300,F,94,2020,18,,106426,126149,7-6(3) 7-5
299,SF,172,2020,18,,126149,105226,7-6(4) 4-6 7-6(2)
298,SF,104,2020,18,,106426,106432,6-4 7-5
297,QF,115,2020,18,,126149,106233,7-6(4) 7-5
296,QF,148,2020,18,,105226,124079,2-6 6-4 6-2
295,QF,134,2020,18,,106426,105948,2-6 6-3 7-5
294,QF,129,2020,18,,106432,132283,7-6(5) 6-3
293,R16,161,2020,18,,106233,144719,6-7(5) 6-3 6-4
292,R16,102,2020,18,,126149,106249,6-3 7-6(5)
291,R16,111,2020,18,,105226,106329,1-6 6-1 6-4
290,R16,86,2020,18,,124079,104665,6-1 6-4
289,R16,137,2020,18,,105948,207989,6-4 4-6 6-4
288,R16,96,2020,18,,106426,105643,6-4 6-3
287,R16,139,2020,18,,106432,205734,6-3 1-6 7-6(5)
286,R16,129,2020,18,,132283,105583,7-6(5) 7-6(5)
285,R32,124,2020,18,,106233,200335,6-2 4-6 6-1
284,R32,124,2020,18,,144719,106099,7-5 6-4
283,R32,106,2020,18,,106249,105943,7-6(8) 6-4
282,R32,111,2020,18,,126149,134770,7-6(4) 7-5
281,R32,183,2020,18,,106329,105550,5-7 6-4 7-6(3)
280,R32,91,2020,18,,105226,104655,6-4 6-3
279,R32,155,2020,18,,124079,106198,3-6 6-2 7-5
278,R32,88,2020,18,,104665,104269,6-3 6-3
277,R32,216,2020,18,,207989,105077,7-6(2) 4-6 7-6(2)
276,R32,177,2020,18,,105948,144895,1-6 7-6(1) 7-6(3)
275,R32,113,2020,18,,105643,106148,6-2 6-4
274,R32,189,2020,18,,106426,105413,4-6 7-5 7-6(5)
273,R32,117,2020,18,,106432,106228,7-6(5) 7-5
272,R32,229,2020,18,,205734,200221,5-7 7-6(3) 7-5
271,R32,171,2020,18,,132283,104919,6-1 5-7 6-4
270,R32,136,2020,18,,105583,106065,6-4 6-7(4) 6-1
300,F,74,2020,19,,104745,126203,6-3 6-2
299,SF,103,2020,19,,104745,105777,6-3 6-2
298,SF,101,2020,19,,126203,104545,2-6 7-5 6-3
297,QF,91,2020,19,,104745,126952,6-2 6-1
296,QF,84,2020,19,,105777,104527,6-4 6-4
295,QF,94,2020,19,,126203,106378,6-4 6-3
294,QF,119,2020,19,,104545,126205,7-6(3) 3-6 6-2
293,R16,95,2020,19,,104745,200175,6-2 7-5
292,R16,87,2020,19,,126952,105583,7-6(2) 6-0
291,R16,90,2020,19,,104527,124079,6-4 6-4
290,R16,164,2020,19,,105777,105173,6-7(8) 6-2 7-6(2)
289,R16,79,2020,19,,126203,200005,6-4 6-1
288,R16,102,2020,19,,106378,200000,6-4 6-4
287,R16,92,2020,19,,104545,106218,6-3 7-6(4)
286,R16,88,2020,19,,126205,100644,6-3 6-4
285,R32,90,2020,19,,104745,104665,6-3 6-2
284,R32,119,2020,19,,200175,200282,3-6 6-4 6-3
283,R32,114,2020,19,,126952,106121,6-2 2-6 6-3
282,R32,151,2020,19,,105583,105449,6-7(5) 6-4 6-3
281,R32,164,2020,19,,104527,126207,6-3 6-7(4) 7-6(1)
280,R32,90,2020,19,,124079,105430,6-3 6-2
279,R32,116,2020,19,,105173,111815,2-6 6-3 6-3
278,R32,73,2020,19,,105777,106000,6-3 6-3
277,R32,31,2020,19,,200005,106401,6-3 0-0 RET
276,R32,116,2020,19,,126203,105357,7-5 3-6 6-1
275,R32,68,2020,19,,106378,103852,6-4 6-1
274,R32,95,2020,19,,200000,106109,6-3 7-6(5)
273,R32,67,2020,19,,104545,104999,6-3 7-6(4)
272,R32,94,2020,19,,106218,126204,6-4 7-6(3)
271,R32,140,2020,19,,126205,111456,6-7(4) 6-4 6-4
270,R32,72,2020,19,,100644,105359,7-6(6) 6-1
300,F,77,2020,20,,104925,126774,6-3 6-4
299,SF,155,2020,20,,104925,104792,2-6 7-6(8) 6-1
298,SF,81,2020,20,,126774,105554,6-2 6-3
297,QF,66,2020,20,,104925,111575,6-2 6-2
296,QF,73,2020,20,,104792,104755,6-3 6-3
295,QF,131,2020,20,,105554,126094,6-2 7-6(9)
294,QF,142,2020,20,,126774,105526,4-6 6-4 6-4
293,R16,59,2020,20,,104925,104259,6-3 6-1
292,R16,73,2020,20,,111575,110602,6-3 6-4
291,R16,66,2020,20,,104792,106034,6-1 6-2
290,R16,80,2020,20,,104755,105332,6-4 6-4
289,R16,100,2020,20,,126094,105936,7-6(3) 6-0
288,R16,166,2020,20,,105554,105732,7-5 3-6 7-6(7)
287,R16,39,2020,20,,105526,105932,6-1 6-0
286,R16,95,2020,20,,126774,122330,7-6(1) 6-4
285,R32,60,2020,20,,104925,104291,6-1 6-2
284,R32,121,2020,20,,104259,105633,4-6 6-4 6-0
283,R32,77,2020,20,,110602,105432,6-4 6-3
282,R32,90,2020,20,,111575,105062,7-6(2) 6-1
281,R32,119,2020,20,,104792,105916,6-4 7-5
280,R32,110,2020,20,,106034,104229,3-6 6-1 6-2
279,R32,84,2020,20,,104755,144750,7-6(5) 6-4
278,R32,152,2020,20,,105332,105227,2-6 7-5 7-6(1)
277,R32,82,2020,20,,126094,207518,6-4 6-4
276,R32,124,2020,20,,105936,105311,4-6 6-3 6-3
275,R32,78,2020,20,,105732,106415,7-5 6-2
274,R32,159,2020,20,,105554,104926,3-6 6-4 7-5
273,R32,112,2020,20,,105526,105138,7-6(2) 7-5
272,R32,157,2020,20,,105932,105575,5-7 7-6(2) 6-3
271,R32,76,2020,20,,122330,128034,6-2 7-5
270,R32,94,2020,20,,126774,105807,7-6(1) 6-1
300,F,136,2020,21,,205734,134770,7-5 4-6 6-3
299,SF,79,2020,21,,205734,105952,6-1 6-3
298,SF,110,2020,21,,134770,105077,7-6(5) 6-2
297,QF,62,2020,21,,205734,106426,7-6(1) 0-0 RET
296,QF,170,2020,21,,105952,106198,3-6 7-6(5) 7-5
295,QF,101,2020,21,,105077,106329,6-4 6-4
294,QF,123,2020,21,,134770,105643,7-5 7-5
293,R16,120,2020,21,,106426,200221,6-2 0-6 7-6(4)
292,R16,105,2020,21,,205734,106228,7-6(7) 6-4
291,R16,203,2020,21,,105952,104655,5-7 7-6(5) 7-6(8)
290,R16,108,2020,21,,106198,144642,6-3 7-6(2)
289,R16,83,2020,21,,106329,106148,6-1 6-4
288,R16,98,2020,21,,105077,122669,7-6(3) 6-2
287,R16,105,2020,21,,105643,106099,7-6(1) 6-3
286,R16,90,2020,21,,134770,126214,6-4 7-5
284,R32,152,2020,21,,200221,105413,2-6 7-6(5) 6-3
283,R32,106,2020,21,,205734,105487,6-1 3-6 6-1
282,R32,75,2020,21,,106228,105948,6-4 6-2
280,R32,120,2020,21,,105952,105155,4-6 6-3 6-4
279,R32,130,2020,21,,144642,126535,4-6 6-4 6-2
278,R32,104,2020,21,,106198,106065,6-3 1-6 6-3
277,R32,151,2020,21,,106329,104919,6-7(0) 6-3 6-4
276,R32,158,2020,21,,106148,144719,6-4 4-6 6-4
275,R32,70,2020,21,,122669,106110,6-4 6-2
273,R32,97,2020,21,,105643,105373,6-1 7-6(5)
272,R32,79,2020,21,,106099,106075,6-2 6-3
271,R32,95,2020,21,,126214,103893,6-3 6-4
300,F,120,2020,22,,104925,105683,1-6 6-3 6-4
299,SF,180,2020,22,,104925,105138,4-6 6-4 7-6(0)
298,SF,97,2020,22,,105683,126774,7-6(5) 6-3
297,QF,62,2020,22,,104925,105526,6-3 6-1
296,QF,133,2020,22,,105138,106421,1-6 6-4 6-3
295,QF,37,2020,22,,126774,124187,5-6 RET
294,QF,162,2020,22,,105683,105936,4-6 7-6(2) 7-5
293,R16,88,2020,22,,104925,105815,6-2 6-4
292,R16,129,2020,22,,105526,105676,6-4 3-6 6-4
291,R16,68,2020,22,,106421,105379,6-3 6-3
290,R16,126,2020,22,,105138,111575,4-6 6-3 6-2
289,R16,75,2020,22,,124187,126610,6-3 7-6(4)
288,R16,102,2020,22,,126774,104545,7-6(2) 7-6(4)
287,R16,88,2020,22,,105683,104918,6-2 6-2
286,R16,63,2020,22,,105936,105916,6-2 6-1
285,R32,101,2020,22,,104925,105575,7-6(2) 6-4
284,R32,170,2020,22,,105815,200000,6-7(4) 6-2 7-6(5)
283,R32,139,2020,22,,105526,133430,7-6(4) 3-6 6-4
282,R32,109,2020,22,,105676,106432,7-6(6) 6-4
281,R32,89,2020,22,,106421,106218,6-4 6-4
280,R32,104,2020,22,,105379,126203,7-6(5) 7-5
279,R32,83,2020,22,,111575,105807,7-6(8) 6-1
278,R32,85,2020,22,,105138,104755,7-5 6-1
277,R32,160,2020,22,,126610,200325,6-4 6-7(3) 7-5
276,R32,102,2020,22,,124187,106043,6-3 7-6(4)
275,R32,167,2020,22,,104545,105357,4-6 7-6(3) 7-6(5)
274,R32,68,2020,22,,126774,104731,6-1 6-3
273,R32,151,2020,22,,104918,100644,6-3 3-6 7-5
272,R32,96,2020,22,,105683,105554,6-3 7-5
271,R32,144,2020,22,,105916,105777,7-5 4-6 6-2
270,R32,61,2020,22,,105936,106233,6-2 6-1
268,R64,151,2020,22,,105575,126205,6-7(4) 6-4 7-5
267,R64,104,2020,22,,105815,132283,6-3 7-6(7)
266,R64,76,2020,22,,200000,105932,6-4 6-1
265,R64,78,2020,22,,133430,105227,6-3 6-3
264,R64,81,2020,22,,105526,200282,6-2 6-4
263,R64,35,2020,22,,106432,105332,6-0 1-0 RET
260,R64,104,2020,22,,106218,111456,7-6(2) 7-5
259,R64,52,2020,22,,126203,144750,6-1 6-3
258,R64,170,2020,22,,105379,106426,6-4 6-7(8) 6-0
257,R64,84,2020,22,,111575,122330,6-4 6-4
256,R64,88,2020,22,,105807,105583,7-5 6-1
255,R64,83,2020,22,,104755,200670,6-4 6-4
252,R64,127,2020,22,,200325,200624,7-6(3) 4-6 7-5
251,R64,80,2020,22,,124187,111815,6-3 6-4
250,R64,115,2020,22,,106043,134770,7-6(2) 6-3
249,R64,99,2020,22,,104545,128034,7-5 6-4
248,R64,166,2020,22,,105357,105173,4-6 6-4 7-6(2)
247,R64,178,2020,22,,104731,106378,7-6(3) 4-6 6-3
244,R64,148,2020,22,,104918,126207,7-6(6) 3-6 6-1
243,R64,75,2020,22,,105683,105023,6-4 6-4
242,R64,152,2020,22,,105554,126094,7-5 3-6 6-2
241,R64,84,2020,22,,105777,200005,6-3 6-4
240,R64,97,2020,22,,105916,105613,6-3 6-4
239,R64,135,2020,22,,105936,106099,7-5 6-4
100,R128,118,2020,4,,104925,106000,6-1 6-4 6-1
101,R128,167,2020,4,,106378,122330,2-6 7-5 7-5 6-0
102,R128,154,2020,4,,111581,105311,6-2 7-5 2-6 6-1
103,R128,131,2020,4,,105526,124079,6-0 7-5 6-4
104,R128,201,2020,4,,105807,106034,4-6 6-3 1-6 6-3 6-3
105,R128,157,2020,4,,106283,105155,3-6 6-2 7-5 6-3
106,R128,186,2020,4,,105575,105943,7-6(3) 4-6 6-4 6-4
107,R128,230,2020,4,,105449,104545,6-7(5) 6-3 6-7(5) 6-3 7-6(3)
108,R128,167,2020,4,,133430,200624,6-4 4-6 6-3 6-2
109,R128,170,2020,4,,126952,111515,3-6 7-6(4) 6-1 6-2
110,R128,131,2020,4,,104468,105633,6-1 6-4 6-4
111,R128,165,2020,4,,126203,136440,6-7(7) 6-3 6-2 6-4
112,R128,136,2020,4,,105936,144707,6-2 7-6(3) 6-3
113,R128,225,2020,4,,106218,117360,6-4 6-7(5) 3-6 6-4 6-2
114,R128,114,2020,4,,144750,106065,6-4 7-5 6-2
115,R128,147,2020,4,,105676,124187,7-6(2) 3-6 6-1 6-4
116,R128,98,2020,4,,126774,105077,6-2 6-1 6-1
117,R128,138,2020,4,,202195,106075,6-1 2-6 6-4 6-4
118,R128,113,2020,4,,106228,105539,6-3 6-3 7-5
119,R128,141,2020,4,,106432,104665,7-5 6-3 6-1
120,R128,146,2020,4,,106078,105583,6-1 4-6 6-4 6-4
121,R128,161,2020,4,,111442,105882,6-3 6-4 4-6 6-2
122,R128,136,2020,4,,105062,105226,6-4 7-5 6-4
123,R128,192,2020,4,,106426,200265,4-6 5-7 6-4 6-4 6-2
124,R128,239,2020,4,,111815,106043,3-6 4-6 6-2 6-1 7-5
125,R128,160,2020,4,,105948,105359,2-6 4-6 6-4 6-1 2-0 RET
126,R128,173,2020,4,,200221,110602,3-6 6-4 6-3 1-6 6-0
127,R128,110,2020,4,,128034,105376,6-3 6-4 6-4
128,R128,161,2020,4,,105173,132283,6-1 6-4 2-6 6-3
129,R128,195,2020,4,,106058,104655,3-6 6-4 6-2 4-6 7-6(2)
130,R128,132,2020,4,,206909,103893,6-3 6-2 7-6(3)
131,R128,187,2020,4,,100644,104731,7-6(2) 5-7 6-3 7-5
132,R128,121,2020,4,,126610,104424,7-6(5) 6-1 6-4
133,R128,112,2020,4,,200005,105216,6-3 6-4 6-3
134,R128,189,2020,4,,200325,105379,6-3 3-6 6-1 4-6 6-1
135,R128,222,2020,4,,134770,111456,4-6 4-6 6-4 6-3 6-2
136,R128,119,2020,4,,124014,111794,7-6(3) 6-2 6-3
137,R128,200,2020,4,,106099,105902,4-6 7-5 7-5 6-2
138,R128,155,2020,4,,106296,106121,6-3 6-4 3-6 6-1
139,R128,127,2020,4,,126094,104871,6-4 6-4 6-3
140,R128,111,2020,4,,105777,126205,6-4 6-3 6-1
141,R128,106,2020,4,,105916,106198,6-3 6-3 6-1
142,R128,182,2020,4,,126207,104312,4-6 6-3 6-4 7-5
143,R128,119,2020,4,,105357,105932,6-1 6-4 6-4
144,R128,133,2020,4,,200670,105550,6-2 0-6 6-3 6-3
145,R128,180,2020,4,,106148,103852,3-6 7-6(5) 6-4 6-3
146,R128,189,2020,4,,106331,111513,4-6 6-4 7-6(2) 6-4
147,R128,106,2020,4,,106421,105643,6-1 6-2 6-4
148,R128,166,2020,4,,105138,105815,6-4 6-4 7-6(3)
149,R128,174,2020,4,,200175,126149,6-4 6-4 6-7(6) 3-6 6-2
150,R128,174,2020,4,,105577,104259,7-6(4) 7-5 7-6(3)
151,R128,109,2020,4,,105683,104919,6-3 6-2 6-3
152,R128,131,2020,4,,200282,105413,6-4 6-3 7-5
153,R128,113,2020,4,,104755,103333,7-6(0) 7-6(4) 6-1
154,R128,104,2020,4,,105723,105023,6-4 7-6(6) 6-2
155,R128,224,2020,4,,111575,206173,3-6 6-7(7) 6-2 6-0 7-6(4)
156,R128,231,2020,4,,200000,106329,6-3 6-7(7) 7-6(6) 7-6(6)
157,R128,279,2020,4,,104918,106415,4-6 4-6 7-6(5) 7-6(4) 6-4
158,R128,144,2020,4,,144895,106210,6-4 6-4 7-5
159,R128,136,2020,4,,105554,205734,6-2 6-1 7-6(5)
160,R128,213,2020,4,,105227,106045,6-7(3) 3-6 7-5 7-5 6-3
161,R128,133,2020,4,,105613,105430,6-4 6-1 6-4
162,R128,132,2020,4,,111576,105614,6-1 6-3 3-6 6-1
163,R128,115,2020,4,,106233,144719,7-6(6) 6-3 RET
164,R64,193,2020,4,,104925,106378,6-7(5) 6-3 6-4 6-2
165,R64,100,2020,4,,105526,111581,6-2 6-2 7-5
166,R64,93,2020,4,,105807,106283,6-1 6-2 6-2
167,R64,162,2020,4,,105575,105449,7-5 6-2 1-6 7-6(1)
168,R64,222,2020,4,,133430,126952,6-7(5) 6-4 6-4 6-2
169,R64,120,2020,4,,126203,104468,7-5 6-3 6-2
170,R64,113,2020,4,,105936,106218,6-4 6-1 6-3
171,R64,174,2020,4,,105676,144750,7-6(6) 4-6 6-1 6-4
172,R64,144,2020,4,,126774,202195,7-6(2) 6-3 6-4
173,R64,259,2020,4,,106432,106228,7-5 4-6 6-7(5) 6-2 6-3
174,R64,165,2020,4,,111442,106078,6-1 6-4 3-6 6-3
175,R64,239,2020,4,,105062,106426,6-2 6-1 3-6 4-6 7-5
176,R64,127,2020,4,,111815,105948,6-3 6-4 6-4
177,R64,167,2020,4,,200221,128034,6-4 1-6 6-2 6-2
178,R64,151,2020,4,,105173,106058,7-6(5) 7-5 6-2
179,R64,175,2020,4,,100644,206909,7-5 6-7(8) 6-3 6-1
180,R64,127,2020,4,,126610,200005,6-4 6-4 7-6(6)
181,R64,127,2020,4,,134770,200325,6-4 6-3 3-2 RET
182,R64,189,2020,4,,106099,124014,3-6 6-4 6-3 6-4
183,R64,112,2020,4,,126094,106296,6-2 6-4 7-6(4)
184,R64,290,2020,4,,105916,105777,6-7(5) 7-6(4) 3-6 6-4 6-1
185,R64,237,2020,4,,126207,105357,7-6(6) 3-6 1-6 6-3 6-3
186,R64,117,2020,4,,200670,106148,6-2 6-4 6-3
187,R64,136,2020,4,,106421,106331,6-3 6-2 6-4
188,R64,158,2020,4,,105138,200175,6-3 3-6 6-3 6-4
189,R64,198,2020,4,,105577,105683,6-7(1) 6-3 7-6(4) 6-3
190,R64,182,2020,4,,200282,104755,6-4 6-3 6-7(6) 7-5
191,R64,110,2020,4,,111575,105723,6-3 6-4 6-1
192,R64,128,2020,4,,200000,104918,6-2 6-3 6-4
193,R64,255,2020,4,,144895,105554,4-6 6-3 7-6(5) 7-6(1)
194,R64,178,2020,4,,105227,105613,6-3 1-6 7-6(2) 7-5
195,R64,119,2020,4,,106233,111576,6-3 6-3 6-2
196,R32,103,2020,4,,104925,105526,6-3 6-3 6-1
197,R32,114,2020,4,,105807,105575,6-4 6-3 6-2
198,R32,206,2020,4,,133430,126203,3-6 6-3 4-6 7-6(5) 6-2
199,R32,124,2020,4,,105676,105936,6-1 7-6(5) 6-4
200,R32,276,2020,4,,106432,126774,6-7(2) 6-4 4-6 7-5 7-6(4)
201,R32,143,2020,4,,111442,105062,7-5 6-4 6-1
202,R32,163,2020,4,,200221,111815,7-6(2) 4-6 6-2 6-1
203,R32,172,2020,4,,100644,105173,6-7(4) 6-4 6-2 6-2
204,R32,123,2020,4,,126610,134770,6-4 6-4 6-2
205,R32,84,2020,4,,126094,106099,6-0 6-4 6-0
206,R32,104,2020,4,,126207,105916,6-2 6-3 6-2
207,R32,108,2020,4,,106421,200670,6-3 6-3 6-2
208,R32,220,2020,4,,105577,105138,7-5 2-6 4-6 6-3 6-2
209,R32,182,2020,4,,200282,111575,6-4 0-6 4-6 6-3 6-1
210,R32,117,2020,4,,200000,144895,6-1 6-0 6-4
211,R32,147,2020,4,,106233,105227,6-2 6-2 3-6 6-3
212,R16,60,2020,4,,105807,104925,6-5 DEF
213,R16,210,2020,4,,133430,105676,6-7(0) 6-3 6-4 6-3
214,R16,128,2020,4,,106432,111442,7-5 6-1 6-3
215,R16,94,2020,4,,100644,200221,6-2 6-2 6-1
216,R16,162,2020,4,,126094,126610,4-6 6-3 6-3 6-3
217,R16,98,2020,4,,106421,126207,6-4 6-1 6-0
218,R16,137,2020,4,,200282,105577,7-6(6) 6-3 6-2
219,R16,127,2020,4,,106233,200000,7-6(4) 6-1 6-1
220,QF,248,2020,4,,105807,133430,3-6 7-6(5) 7-6(4) 0-6 6-3
221,QF,205,2020,4,,100644,106432,1-6 7-6(5) 7-6(1) 6-3
222,QF,147,2020,4,,106421,126094,7-6(6) 6-3 7-6(5)
223,QF,124,2020,4,,106233,200282,6-1 6-2 6-4
224,SF,203,2020,4,,100644,105807,3-6 2-6 6-3 6-4 6-3
225,SF,176,2020,4,,106233,106421,6-2 7-6(7) 7-6(5)
226,F,242,2020,4,,106233,100644,2-6 4-6 6-4 6-3 7-6(6)
300,F,76,2020,23,,200175,105870,6-4 6-4
299,SF,139,2020,23,,200175,144817,6-2 5-7 6-3
298,SF,145,2020,23,,105870,111513,4-6 6-3 7-6(5)
297,QF,83,2020,23,,144817,103852,6-4 6-3
296,QF,153,2020,23,,200175,105643,6-4 6-7(5) 7-5
295,QF,77,2020,23,,105870,109739,6-2 7-5
294,QF,113,2020,23,,111513,106043,7-6(2) 6-3
293,R16,56,2020,23,,144817,104926,6-1 6-2
292,R16,179,2020,23,,103852,105550,7-5 6-7(4) 7-6(3)
291,R16,86,2020,23,,105643,105932,7-5 6-3
290,R16,64,2020,23,,200175,111442,6-2 6-2
289,R16,73,2020,23,,109739,128034,6-1 6-4
288,R16,140,2020,23,,105870,105583,4-6 6-3 6-4
287,R16,79,2020,23,,111513,206173,6-4 6-4
286,R16,133,2020,23,,106043,124116,6-2 2-6 7-5
284,R32,129,2020,23,,144817,200325,3-6 6-4 7-6(2)
283,R32,73,2020,23,,103852,105732,6-4 6-3
282,R32,61,2020,23,,105550,106415,6-3 6-0
280,R32,78,2020,23,,105643,106228,6-4 6-0
279,R32,178,2020,23,,111442,105357,6-3 4-6 7-6(2)
278,R32,118,2020,23,,200175,105453,4-6 6-4 6-2
277,R32,84,2020,23,,128034,105311,6-3 7-5
276,R32,104,2020,23,,109739,110602,7-6(6) 6-4
275,R32,72,2020,23,,105870,122330,7-5 6-2
273,R32,142,2020,23,,111513,105077,6-1 3-6 7-6(2)
272,R32,67,2020,23,,206173,104259,6-3 6-2
271,R32,165,2020,23,,124116,105430,6-7(5) 6-4 7-6(4)
300,F,113,2020,24,,104925,106043,7-5 6-3
299,SF,131,2020,24,,104925,134770,7-5 6-3
298,SF,195,2020,24,,106043,133430,6-4 5-7 7-6(4)
297,QF,130,2020,24,,104925,136440,6-3 4-6 6-3
296,QF,177,2020,24,,134770,126610,4-6 6-3 7-6(5)
295,QF,110,2020,24,,133430,105777,6-2 3-6 6-2
294,QF,123,2020,24,,106043,104745,6-2 7-5
293,R16,127,2020,24,,104925,105936,7-6(7) 6-3
292,R16,70,2020,24,,136440,207518,6-4 6-0
291,R16,119,2020,24,,126610,105882,7-6(5) 7-6(1)
290,R16,93,2020,24,,134770,105227,6-2 7-6(6)
289,R16,171,2020,24,,133430,200005,6-7(5) 6-1 6-4
288,R16,144,2020,24,,105777,206173,4-6 6-4 6-4
287,R16,129,2020,24,,106043,128034,3-6 6-2 6-4
286,R16,90,2020,24,,104745,105583,6-1 6-3
285,R32,84,2020,24,,104925,106099,6-3 6-2
284,R32,76,2020,24,,105936,106065,6-4 6-1
283,R32,102,2020,24,,207518,105453,6-3 6-4
282,R32,91,2020,24,,136440,104792,6-2 6-4
281,R32,80,2020,24,,126610,105948,7-5 6-1
280,R32,141,2020,24,,105882,106432,7-6(2) 7-5
279,R32,107,2020,24,,134770,132283,6-3 6-4
278,R32,70,2020,24,,105227,105676,6-2 6-2
277,R32,119,2020,24,,200005,104926,7-5 7-6(4)
276,R32,100,2020,24,,133430,124079,6-4 6-4
275,R32,55,2020,24,,105777,106415,6-1 6-0
274,R32,133,2020,24,,206173,126774,6-1 6-7(9) 6-2
273,R32,137,2020,24,,106043,105357,6-4 7-6(1)
272,R32,117,2020,24,,128034,126094,7-6(6) 3-6 6-2
271,R32,152,2020,24,,105583,105683,7-6(3) 4-6 6-2
270,R32,73,2020,24,,104745,105807,6-1 6-1
268,R64,171,2020,24,,106099,105815,3-6 6-3 7-6(4)
267,R64,138,2020,24,,106065,106378,3-6 7-6(7) 6-2
266,R64,103,2020,24,,105936,200000,6-4 7-5
265,R64,83,2020,24,,207518,104527,6-0 7-6(2)
264,R64,123,2020,24,,105453,105077,6-4 7-6(3)
263,R64,153,2020,24,,136440,200282,3-6 6-3 7-6(5)
260,R64,89,2020,24,,105948,105526,6-1 7-6(5)
259,R64,94,2020,24,,105882,126203,6-4 7-6(4)
258,R64,126,2020,24,,106432,106426,6-4 6-4
257,R64,133,2020,24,,134770,111575,6-3 3-6 6-1
256,R64,79,2020,24,,132283,105932,6-3 6-1
255,R64,134,2020,24,,105227,122330,6-7(4) 6-2 6-4
252,R64,104,2020,24,,200005,104731,6-3 7-6(5)
251,R64,99,2020,24,,124079,105023,6-3 7-6(3)
250,R64,85,2020,24,,133430,105550,6-2 6-3
249,R64,74,2020,24,,105777,126149,7-5 6-1
248,R64,77,2020,24,,106415,200175,6-4 6-1
247,R64,64,2020,24,,206173,105332,6-2 6-1
244,R64,124,2020,24,,105357,105311,7-5 7-6(2)
243,R64,148,2020,24,,128034,105554,6-3 3-6 7-5
242,R64,98,2020,24,,126094,105487,6-4 6-4
241,R64,127,2020,24,,105683,105173,7-6(3) 6-2
240,R64,103,2020,24,,105583,200221,6-4 6-4
300,F,139,2020,25,,126094,126774,6-4 3-6 7-5
299,SF,85,2020,25,,126094,134770,6-4 6-2
298,SF,135,2020,25,,126774,106426,7-5 3-6 6-4
297,QF,158,2020,25,,134770,200005,7-5 3-6 6-1
296,QF,91,2020,25,,126094,105138,6-2 7-5
295,QF,114,2020,25,,106426,122330,3-6 6-4 6-4
294,QF,96,2020,25,,126774,105583,7-6(5) 6-2
293,R16,105,2020,25,,200005,106210,6-4 6-3
292,R16,67,2020,25,,134770,104926,6-3 6-3
291,R16,124,2020,25,,105138,136440,6-3 3-6 6-3
290,R16,96,2020,25,,126094,126205,6-1 3-6 6-2
289,R16,78,2020,25,,122330,200000,6-4 6-2
288,R16,97,2020,25,,106426,105870,6-2 7-6(3)
287,R16,62,2020,25,,105583,111575,6-1 6-2
286,R16,91,2020,25,,126774,104655,7-5 6-4
285,R32,82,2020,25,,200005,106421,6-4 6-3
284,R32,103,2020,25,,106210,104468,7-5 6-2
283,R32,46,2020,25,,134770,105332,6-4 2-0 RET
282,R32,139,2020,25,,104926,104259,4-6 6-1 7-5
281,R32,85,2020,25,,105138,105932,6-4 6-3
280,R32,149,2020,25,,136440,106415,7-6(0) 4-6 6-1
279,R32,115,2020,25,,126205,104731,6-4 0-6 6-4
278,R32,68,2020,25,,126094,105815,6-3 6-3
277,R32,112,2020,25,,122330,105077,6-2 7-6(5)
276,R32,107,2020,25,,200000,132283,6-2 7-6(2)
275,R32,76,2020,25,,106426,105453,6-0 6-3
274,R32,74,2020,25,,105870,104792,6-4 6-3
273,R32,154,2020,25,,111575,105526,7-6(5) 4-6 7-5
272,R32,96,2020,25,,105583,105173,6-4 6-1
271,R32,80,2020,25,,104655,126203,6-4 6-2
270,R32,59,2020,25,,126774,105554,6-3 6-1
1101,R128,98,2020,2,,104925,144707,6-0 6-2 6-3
1102,R128,149,2020,2,,105575,106198,6-1 6-4 6-4
1103,R128,222,2020,2,,123755,111815,4-6 6-3 5-7 6-1 6-1
1104,R128,271,2020,2,,105815,128034,7-5 2-6 4-6 7-6(1) 11-9
1105,R128,174,2020,2,,106426,104259,6-4 4-6 6-1 6-4
1106,R128,182,2020,2,,117360,200005,6-2 6-2 3-6 6-3
1107,R128,166,2020,2,,106210,106281,6-2 5-7 6-3 6-2
1108,R128,116,2020,2,,111575,111794,7-6(3) 6-3 6-3
1109,R128,118,2020,2,,105138,104755,7-6(5) 6-2 6-1
1110,R128,141,2020,2,,105226,106034,6-2 6-3 7-5
1111,R128,225,2020,2,,105550,106099,7-6(6) 6-7(4) 7-5 6-4
1112,R128,136,2020,2,,105807,105357,6-3 6-2 7-5
1113,R128,240,2020,2,,105526,126207,3-6 7-6(5) 6-3 6-7(2) 6-3
1114,R128,158,2020,2,,127157,103852,7-6(1) 6-4 6-4
1115,R128,120,2020,2,,144750,200615,6-4 6-4 7-6(7)
1116,R128,108,2020,2,,126610,105577,6-3 6-1 6-3
1117,R128,197,2020,2,,105916,106421,6-4 7-6(3) 2-6 6-1
1118,R128,114,2020,2,,105077,105173,6-4 6-3 6-0
1119,R128,262,2020,2,,106218,111460,7-5 3-6 6-7(5) 7-5 8-6
1120,R128,125,2020,2,,106329,105932,7-5 6-4 6-2
1121,R128,166,2020,2,,105583,126149,6-4 7-6(4) 4-6 6-1
1122,R128,131,2020,2,,104731,111513,6-2 6-3 6-4
1123,R128,165,2020,2,,200221,208004,7-6(5) 6-3 7-5
1124,R128,197,2020,2,,126094,105023,6-7(5) 6-7(4) 7-5 6-4 6-3
1125,R128,209,2020,2,,133430,104468,6-2 7-5 5-7 6-3
1126,R128,83,2020,2,,106148,105449,6-1 6-1 6-0
1127,R128,110,2020,2,,105413,105311,7-5 6-1 6-2
1128,R128,123,2020,2,,105777,106296,6-3 6-2 6-2
1129,R128,190,2020,2,,110748,105936,6-4 3-6 6-3 6-1
1130,R128,203,2020,2,,105379,126239,6-2 6-7(7) 6-4 6-4
1131,R128,140,2020,2,,104655,105967,6-1 2-6 6-4 6-2
1132,R128,192,2020,2,,126774,144719,4-6 2-6 6-1 6-4 6-4
1133,R128,155,2020,2,,122330,104792,6-4 7-5 3-6 6-3
1134,R128,247,2020,2,,132283,105877,6-7(6) 6-3 6-1 6-7(4) 6-3
1135,R128,126,2020,2,,105430,111442,6-2 6-4 6-1
1136,R128,219,2020,2,,126203,207830,7-5 7-6(2) 1-6 2-6 6-3
1137,R128,182,2020,2,,105613,106432,6-4 3-6 6-3 6-4
1138,R128,276,2020,2,,200514,104871,3-6 4-6 7-6(6) 6-4 10-8
1139,R128,365,2020,2,,105841,144895,0-6 7-6(7) 7-6(3) 2-6 18-16
1140,R128,107,2020,2,,106043,200175,6-0 6-1 6-3
1141,R128,97,2020,2,,104527,104918,6-1 6-3 6-2
1142,R128,124,2020,2,,136440,126156,6-2 3-6 6-1 6-1
1143,R128,143,2020,2,,200384,126125,7-6(5) 6-4 6-3
1144,R128,152,2020,2,,106415,200000,7-5 6-3 6-3
1145,R128,93,2020,2,,134770,105216,6-1 6-3 6-1
1146,R128,103,2020,2,,126205,105902,6-2 6-3 6-2
1147,R128,115,2020,2,,106058,124187,6-4 6-4 6-3
1148,R128,126,2020,2,,106233,105227,6-4 6-3 6-3
1149,R128,125,2020,2,,100644,110602,7-5 6-2 6-4
1150,R128,125,2020,2,,105732,111581,6-3 6-2 6-3
1151,R128,294,2020,2,,106228,105643,6-4 7-6(1) 2-6 1-6 14-12
1152,R128,171,2020,2,,106065,200282,7-6(9) 6-4 6-0
1153,R128,136,2020,2,,105332,126952,7-5 6-4 6-4
1154,R128,199,2020,2,,105948,105359,7-5 7-6(6) 7-6(3)
1155,R128,153,2020,2,,126127,200325,6-2 6-4 4-6 6-4
1156,R128,119,2020,2,,206173,105676,7-5 6-0 6-3
1157,R128,172,2020,2,,105062,104926,7-5 3-6 7-6(1) 6-0
1158,R128,132,2020,2,,124079,126846,7-5 6-4 6-0
1159,R128,145,2020,2,,200624,104312,6-2 4-6 6-3 6-3
1160,R128,102,2020,2,,104545,200611,6-4 6-1 6-3
1161,R128,229,2020,2,,105453,105554,1-6 6-1 7-6(3) 1-6 6-4
1162,R128,143,2020,2,,105882,104665,6-3 6-4 6-4
1163,R128,168,2020,2,,111456,105731,4-6 6-3 6-3 6-4
1164,R128,125,2020,2,,104745,106078,6-4 6-4 6-2
1201,R64,83,2020,2,,104925,105575,6-1 6-2 6-2
1202,R64,108,2020,2,,123755,105815,6-2 6-2 6-3
1203,R64,221,2020,2,,106426,117360,6-7(5) 6-2 7-6(3) 6-4
1204,R64,215,2020,2,,111575,106210,6-1 6-7(4) 7-6(7) 7-6(2)
1205,R64,106,2020,2,,105138,105226,6-3 6-1 6-2
1206,R64,86,2020,2,,105807,105550,6-3 6-2 6-1
1207,R64,152,2020,2,,127157,105526,6-3 7-6(4) 6-3
1208,R64,161,2020,2,,126610,144750,6-4 4-6 6-2 6-3
1209,R64,182,2020,2,,105916,105077,7-6(2) 6-3 7-5
1210,R64,121,2020,2,,106329,106218,7-6(5) 6-4 6-1
1211,R64,189,2020,2,,104731,105583,6-2 6-4 4-6 3-6 6-3
1212,R64,131,2020,2,,126094,200221,7-5 6-1 3-6 6-1
1213,R64,300,2020,2,,106148,133430,7-5 6-7(5) 6-3 3-6 8-6
1214,R64,135,2020,2,,105777,105413,6-4 7-6(5) 6-1
1215,R64,174,2020,2,,105379,110748,7-5 2-6 6-1 7-6(4)
1216,R64,88,2020,2,,126774,104655,6-1 6-4 6-2
1217,R64,144,2020,2,,132283,122330,7-6(8) 6-1 7-5
1218,R64,122,2020,2,,126203,105430,6-3 6-2 6-4
1219,R64,170,2020,2,,105613,200514,6-2 2-6 7-6(4) 6-4
1220,R64,124,2020,2,,106043,105841,6-1 7-5 6-0
1221,R64,128,2020,2,,104527,136440,6-3 6-2 3-6 6-1
1222,R64,182,2020,2,,200384,106415,6-4 7-6(4) 3-6 6-2
1223,R64,156,2020,2,,134770,126205,6-1 1-6 6-3 1-6 6-3
1224,R64,142,2020,2,,106233,106058,6-1 6-3 7-6(6)
1225,R64,239,2020,2,,100644,105732,2-6 6-4 7-6(5) 4-6 6-4
1226,R64,157,2020,2,,106065,106228,6-3 6-2 5-7 6-2
1227,R64,150,2020,2,,105948,105332,7-6(3) 4-6 6-3 6-1
1228,R64,115,2020,2,,206173,126127,6-2 6-4 6-4
1229,R64,99,2020,2,,124079,105062,6-3 6-1 6-0
1230,R64,146,2020,2,,200624,104545,6-4 6-4 2-6 6-4
1231,R64,233,2020,2,,105882,105453,6-4 2-6 7-6(7) 4-6 6-2
1232,R64,100,2020,2,,104745,111456,6-1 6-0 6-3
1301,R32,128,2020,2,,104925,123755,6-0 6-3 6-2
1302,R32,149,2020,2,,111575,106426,6-2 3-6 6-4 6-2
1303,R32,202,2020,2,,105807,105138,6-4 6-3 5-7 6-4
1304,R32,135,2020,2,,127157,126610,6-2 7-6(5) 6-4
1305,R32,141,2020,2,,105916,106329,7-5 6-1 6-3
1306,R32,94,2020,2,,126094,104731,6-3 6-2 6-3
1307,R32,64,2020,2,,105777,106148,6-1 6-3 0-0
1308,R32,80,2020,2,,126774,105379,6-1 6-2 3-1
1309,R32,187,2020,2,,132283,126203,7-6(5) 6-3 7-6(17)
1310,R32,157,2020,2,,106043,105613,7-6(3) 6-3 6-3
1311,R32,190,2020,2,,200384,104527,2-6 6-3 6-3 4-6 6-0
1312,R32,135,2020,2,,106233,134770,6-4 6-3 6-1
1313,R32,107,2020,2,,100644,106065,6-1 7-5 6-3
1314,R32,150,2020,2,,206173,105948,6-3 7-5 7-5
1315,R32,119,2020,2,,200624,124079,6-4 6-3 6-1
1316,R32,95,2020,2,,104745,105882,6-1 6-4 6-0
1401,R16,143,2020,2,,104925,111575,6-4 6-3 6-3
1402,R16,142,2020,2,,105807,127157,6-2 7-5 6-2
1403,R16,234,2020,2,,126094,105916,6-7(4) 7-5 6-4 7-6(3)
1404,R16,146,2020,2,,126774,105777,6-3 7-6(9) 6-2
1405,R16,118,2020,2,,106043,132283,6-1 6-3 6-4
1406,R16,212,2020,2,,106233,200384,6-4 6-4 5-7 3-6 6-3
1407,R16,181,2020,2,,206173,100644,6-3 6-3 4-6 6-3
1408,R16,115,2020,2,,104745,200624,6-1 6-1 6-2
1501,QF,190,2020,2,,104925,105807,4-6 6-2 6-3 6-4
1502,QF,115,2020,2,,126774,126094,7-5 6-2 6-3
1503,QF,308,2020,2,,106043,106233,7-6(1) 5-7 6-7(6) 7-6(5) 6-2
1504,QF,169,2020,2,,104745,206173,7-6(4) 6-4 6-1
1601,SF,234,2020,2,,104925,126774,6-3 6-2 5-7 4-6 6-1
1602,SF,189,2020,2,,104745,106043,6-3 6-3 7-6(0)
1701,F,161,2020,2,,104745,104925,6-0 6-2 7-5
300,F,79,2020,26,,100644,200000,6-3 6-3
299,SF,116,2020,26,,100644,200221,7-5 7-6(3)
298,SF,110,2020,26,,200000,105138,6-3 1-6 6-3
297,QF,105,2020,26,,100644,144750,6-4 3-6 6-0
296,QF,115,2020,26,,200221,110602,6-3 2-6 6-3
295,QF,71,2020,26,,200000,105430,6-3 6-0
294,QF,149,2020,26,,105138,128034,7-6(4) 5-7 6-0
293,R16,63,2020,26,,100644,104269,6-4 6-1
292,R16,133,2020,26,,144750,105449,7-6(5) 7-6(2)
291,R16,64,2020,26,,110602,105332,6-3 6-4
290,R16,142,2020,26,,200221,105227,3-6 7-6(3) 6-2
289,R16,150,2020,26,,105430,106214,6-4 5-7 7-5
288,R16,77,2020,26,,200000,105967,6-4 6-1
287,R16,85,2020,26,,128034,104999,6-4 6-3
286,R16,139,2020,26,,105138,104468,6-4 7-6(5)
284,R32,99,2020,26,,104269,104918,6-4 6-4
283,R32,123,2020,26,,144750,106378,7-5 7-6(1)
282,R32,122,2020,26,,105449,105936,3-6 6-4 6-4
280,R32,76,2020,26,,110602,111442,6-3 6-3
279,R32,116,2020,26,,200221,200325,7-5 6-4
278,R32,150,2020,26,,105227,106218,6-2 4-6 6-3
277,R32,78,2020,26,,106214,105526,6-4 6-3
276,R32,121,2020,26,,105430,105732,6-2 4-6 6-4
275,R32,166,2020,26,,105967,127157,3-6 6-3 7-6(5)
273,R32,92,2020,26,,128034,117360,6-2 7-5
272,R32,78,2020,26,,104999,105357,6-1 6-4
271,R32,75,2020,26,,104468,105916,6-0 6-3
300,F,139,2020,27,,111513,106065,7-6(3) 7-5
299,SF,58,2020,27,,106065,105905,6-1 6-0
298,SF,99,2020,27,,111513,207518,2-6 6-2 4-1 RET
297,QF,93,2020,27,,105905,105643,7-6(3) 6-1
296,QF,132,2020,27,,106065,105077,4-6 6-1 6-1
295,QF,91,2020,27,,207518,105870,6-2 6-4
294,QF,83,2020,27,,111513,106210,6-4 6-4
293,R16,87,2020,27,,105905,106148,6-1 6-4
292,R16,165,2020,27,,105643,104665,5-7 7-6(5) 6-4
291,R16,79,2020,27,,105077,144895,6-0 6-3
290,R16,88,2020,27,,106065,126205,7-6(1) 6-4
289,R16,59,2020,27,,207518,126504,6-2 6-1
288,R16,64,2020,27,,105870,134770,6-2 6-1
287,R16,134,2020,27,,106210,132283,6-4 3-6 6-1
286,R16,102,2020,27,,111513,105583,6-4 7-5
284,R32,117,2020,27,,106148,105948,7-5 6-4
283,R32,117,2020,27,,105643,104312,7-5 7-6(6)
282,R32,123,2020,27,,104665,106075,7-5 7-5
280,R32,142,2020,27,,144895,126207,7-6(0) 6-4
279,R32,153,2020,27,,106065,126149,5-7 7-6(7) 6-2
278,R32,158,2020,27,,126205,105413,5-7 6-3 7-5
277,R32,131,2020,27,,207518,104655,7-6(4) 7-5
276,R32,139,2020,27,,126504,105882,4-6 7-6(7) 3-0 RET
275,R32,84,2020,27,,105870,106099,6-0 6-4
273,R32,99,2020,27,,132283,206748,6-2 7-6(4)
272,R32,82,2020,27,,106210,111794,6-1 7-5
271,R32,70,2020,27,,111513,111576,6-3 6-1
300,F,99,2020,28,,126094,106432,7-6(5) 6-4
299,SF,116,2020,28,,106432,105683,1-6 6-1 6-4
298,SF,129,2020,28,,126094,133430,4-6 6-3 6-4
297,QF,82,2020,28,,106432,124187,7-6(3) 6-3
296,QF,86,2020,28,,105683,111575,6-1 7-6(1)
295,QF,62,2020,28,,126094,111815,6-2 6-1
294,QF,100,2020,28,,133430,104527,6-4 7-5
293,R16,115,2020,28,,124187,106421,2-6 7-5 6-4
292,R16,106,2020,28,,106432,126128,6-3 7-5
291,R16,136,2020,28,,111575,106234,4-6 7-5 6-3
290,R16,66,2020,28,,105683,122330,6-3 6-2
289,R16,164,2020,28,,111815,200175,7-5 6-7(5) 6-3
288,R16,133,2020,28,,126094,200005,4-6 6-4 7-5
287,R16,102,2020,28,,104527,105539,6-1 3-6 6-3
286,R16,66,2020,28,,133430,125802,6-1 6-4
285,R32,97,2020,28,,106421,104755,3-6 6-3 6-0
284,R32,94,2020,28,,124187,126120,3-6 7-6(5) 6-2
283,R32,75,2020,28,,126128,105877,6-4 6-2
282,R32,96,2020,28,,106432,103852,6-3 7-6(2)
281,R32,77,2020,28,,111575,105902,6-4 6-4
280,R32,132,2020,28,,106234,105815,7-5 3-6 7-5
279,R32,123,2020,28,,122330,111456,2-6 7-6(2) 6-4
278,R32,100,2020,28,,105683,200670,7-6(5) 6-1
277,R32,116,2020,28,,111815,126203,6-4 4-6 6-3
276,R32,96,2020,28,,200175,105062,6-3 7-6(7)
275,R32,139,2020,28,,200005,200303,4-6 6-2 6-3
274,R32,78,2020,28,,126094,105577,6-2 6-4
273,R32,151,2020,28,,104527,105554,3-6 7-6(3) 7-5
272,R32,100,2020,28,,105539,106078,6-4 7-6(4)
271,R32,122,2020,28,,125802,105173,6-3 7-6(6)
270,R32,62,2020,28,,133430,104678,6-2 6-3
300,F,71,2020,30,,100644,106043,6-2 6-1
299,SF,108,2020,30,,100644,206173,7-6(3) 6-3
298,SF,151,2020,30,,106043,200000,6-4 5-7 6-4
297,QF,160,2020,30,,100644,105173,6-4 6-7(5) 6-4
296,QF,153,2020,30,,206173,104468,6-3 0-6 6-4
295,QF,92,2020,30,,200000,106415,6-3 6-4
294,QF,129,2020,30,,106043,200221,2-6 7-6(3) 6-1
293,R16,114,2020,30,,100644,105357,6-0 3-6 6-3
292,R16,77,2020,30,,105173,200175,6-3 6-3
291,R16,114,2020,30,,104468,133430,6-1 4-6 6-2
290,R16,76,2020,30,,206173,105732,6-3 6-1
289,R16,129,2020,30,,106415,105526,2-6 6-3 7-6(3)
288,R16,165,2020,30,,200000,106078,4-6 7-6(2) 7-6(4)
287,R16,94,2020,30,,200221,105449,7-6(3) 6-3
286,R16,79,2020,30,,106043,106214,6-3 6-2
284,R32,98,2020,30,,105357,104269,6-4 6-2
283,R32,135,2020,30,,200175,111576,4-6 7-6(4) 6-1
282,R32,61,2020,30,,105173,200615,6-2 6-2
280,R32,105,2020,30,,104468,111442,6-3 7-5
279,R32,136,2020,30,,105732,105815,6-3 3-6 6-3
278,R32,61,2020,30,,206173,105902,6-1 6-2
277,R32,58,2020,30,,105526,106065,6-3 6-1
276,R32,86,2020,30,,106415,106378,6-4 6-0
275,R32,61,2020,30,,106078,127157,6-1 6-0
273,R32,118,2020,30,,105449,105227,7-6(3) 6-4
272,R32,71,2020,30,,200221,106000,6-2 6-3
271,R32,63,2020,30,,106214,110602,6-3 6-2
300,F,108,2020,31,,105357,105173,7-5 6-1
299,SF,100,2020,31,,105173,200325,7-5 6-2
298,SF,126,2020,31,,105357,126207,3-6 6-4 6-4
297,QF,81,2020,31,,200325,105062,6-3 6-1
296,QF,100,2020,31,,105173,111456,6-1 6-4
295,QF,171,2020,31,,105357,126205,6-7(5) 6-4 7-6(5)
294,QF,155,2020,31,,126207,106078,7-6(5) 5-7 7-5
293,R16,134,2020,31,,105062,105332,6-7(4) 7-6(2) 6-1
292,R16,123,2020,31,,200325,111442,6-2 3-6 6-4
291,R16,61,2020,31,,105173,105216,6-1 6-1
290,R16,121,2020,31,,111456,104312,3-6 6-3 6-3
289,R16,72,2020,31,,126205,105430,6-4 6-0
288,R16,81,2020,31,,105357,104269,6-3 6-4
287,R16,110,2020,31,,106078,106210,4-6 6-3 6-4
286,R16,80,2020,31,,126207,200175,7-5 6-3
284,R32,152,2020,31,,105062,105643,6-7(5) 6-3 6-2
283,R32,60,2020,31,,200325,207608,6-2 6-0
282,R32,160,2020,31,,111442,111815,5-7 7-6(6) 6-2
280,R32,127,2020,31,,105216,106000,6-1 5-7 6-4
279,R32,117,2020,31,,104312,106234,6-3 1-6 6-3
278,R32,72,2020,31,,111456,122330,6-3 6-2
277,R32,95,2020,31,,126205,105882,7-6(2) 6-3
276,R32,170,2020,31,,105430,122078,4-6 6-4 6-4
275,R32,105,2020,31,,104269,105902,6-4 7-6(5)
273,R32,100,2020,31,,106210,105815,6-4 7-6(7)
272,R32,121,2020,31,,106078,144750,6-3 3-6 7-6(3)
271,R32,82,2020,31,,126207,144895,6-3 6-2
300,F,78,2020,32,,126094,132283,6-4 6-4
299,SF,80,2020,32,,132283,105554,6-3 6-4
298,SF,65,2020,32,,126094,104731,6-4 4-1 RET
297,QF,68,2020,32,,132283,104925,6-2 6-1
296,QF,162,2020,32,,105554,105777,7-6(3) 4-6 6-3
295,QF,89,2020,32,,104731,106421,6-4 7-6(5)
294,QF,94,2020,32,,126094,106233,7-6(5) 6-2
293,R16,127,2020,32,,104925,106432,7-6(11) 6-3
292,R16,108,2020,32,,132283,128034,7-6(6) 7-6(2)
291,R16,133,2020,32,,105777,126774,6-7(5) 6-4 6-3
290,R16,102,2020,32,,105554,200514,7-5 6-3
289,R16,82,2020,32,,104731,105807,7-5 6-1
288,R16,118,2020,32,,106421,105577,4-6 6-3 6-2
287,R16,7,2020,32,,126094,206173,2-1 RET
286,R16,65,2020,32,,106233,106426,6-3 6-2
285,R32,118,2020,32,,104925,105936,7-6(6) 6-3
284,R32,88,2020,32,,106432,126203,6-4 6-4
283,R32,86,2020,32,,128034,105226,6-3 7-5
282,R32,80,2020,32,,132283,105583,6-4 6-3
281,R32,112,2020,32,,126774,105526,6-7(3) 6-3 6-4
280,R32,83,2020,32,,105777,111575,7-6(6) 6-3
279,R32,77,2020,32,,105554,105379,6-3 4-5 RET
278,R32,87,2020,32,,200514,133430,6-4 7-5
277,R32,39,2020,32,,105807,104792,6-1 2-0 RET
276,R32,164,2020,32,,104731,110602,6-7(2) 6-4 7-6(6)
275,R32,109,2020,32,,105577,200000,7-5 7-5
274,R32,65,2020,32,,106421,105359,6-3 6-1
273,R32,60,2020,32,,126094,105613,6-3 6-2
272,R32,104,2020,32,,206173,134770,7-6(2) 6-3
271,R32,133,2020,32,,106426,104527,6-4 6-7(9) 6-3
270,R32,107,2020,32,,106233,126964,6-4 7-5
300,F,127,2020,33,,106421,100644,5-7 6-4 6-1
299,SF,99,2020,33,,100644,104745,6-4 7-5
298,SF,97,2020,33,,106421,105683,6-4 7-6(4)
297,QF,133,2020,33,,104745,105807,4-6 7-5 6-1
296,QF,85,2020,33,,100644,104527,6-3 7-6(1)
295,QF,62,2020,33,,106421,106043,6-3 6-1
294,QF,138,2020,33,,105683,200005,6-3 3-6 7-6(7)
293,R16,93,2020,33,,104745,111442,6-1 7-6(3)
292,R16,80,2020,33,,105807,105613,7-5 6-2
291,R16,180,2020,33,,100644,105173,7-6(11) 6-7(7) 6-4
290,R16,101,2020,33,,104527,126094,1-6 6-4 6-3
289,R16,60,2020,33,,106043,200221,6-1 6-1
288,R16,111,2020,33,,106421,200282,5-7 6-2 6-2
287,R16,81,2020,33,,105683,106218,7-6(1) 6-2
286,R16,144,2020,33,,200005,105227,6-3 6-7(4) 6-3
285,R32,150,2020,33,,104745,103852,4-6 7-6(5) 6-4
284,R32,134,2020,33,,111442,106432,2-6 6-4 6-2
283,R32,79,2020,33,,105807,105526,7-6(3) 6-2
282,R32,96,2020,33,,105613,105676,6-4 7-6(6)
281,R32,55,2020,33,,100644,200175,6-2 6-2
280,R32,167,2020,33,,105173,106415,6-3 6-7(5) 6-3
279,R32,141,2020,33,,104527,126205,4-6 7-6(3) 6-2
278,R32,58,2020,33,,126094,105430,6-1 6-2
277,R32,84,2020,33,,106043,104755,7-5 6-3
276,R32,78,2020,33,,200221,126127,6-4 6-4
275,R32,87,2020,33,,200282,132283,6-3 7-5
274,R32,47,2020,33,,106421,104731,6-6 RET
273,R32,170,2020,33,,106218,126610,7-6(3) 6-7(0) 7-5
272,R32,91,2020,33,,105683,105732,6-4 6-4
271,R32,0,2020,33,,105227,144895,W/O
270,R32,196,2020,33,,200005,126774,7-6(4) 6-7(6) 7-6(3)
268,R64,84,2020,33,,103852,105936,7-6(11) 6-1
267,R64,78,2020,33,,111442,105643,6-2 6-3
266,R64,106,2020,33,,106432,105916,7-6(5) 6-1
265,R64,69,2020,33,,105807,200384,6-3 6-2
264,R64,83,2020,33,,105526,105932,6-4 6-2
263,R64,79,2020,33,,105613,106065,6-2 7-6(2)
260,R64,77,2020,33,,200175,105357,6-4 6-2
259,R64,134,2020,33,,106415,104665,5-7 6-4 6-2
258,R64,88,2020,33,,105173,105583,7-6(5) 6-3
257,R64,93,2020,33,,104527,105554,6-3 7-6(3)
256,R64,120,2020,33,,126205,104468,3-6 6-3 6-3
255,R64,134,2020,33,,105430,128034,7-5 6-7(5) 6-4
252,R64,96,2020,33,,104755,126203,6-0 3-6 6-3
251,R64,56,2020,33,,126127,105948,6-2 6-1
250,R64,107,2020,33,,200221,111575,6-3 2-6 6-2
249,R64,76,2020,33,,200282,105882,6-4 6-4
248,R64,59,2020,33,,132283,122330,6-1 6-4
247,R64,24,2020,33,,104731,111513,5-2 RET
244,R64,111,2020,33,,106218,105077,6-3 4-6 6-1
243,R64,136,2020,33,,105732,105815,2-6 6-4 7-6(4)
242,R64,63,2020,33,,105683,105379,6-3 6-2
241,R64,147,2020,33,,105227,200000,6-0 3-6 6-3
240,R64,150,2020,33,,144895,106099,3-6 7-6(2) 6-3
239,R64,130,2020,33,,200005,134770,4-6 6-2 7-6(1)
300,F,134,2020,34,,206173,105577,6-4 3-6 7-6(3)
299,SF,87,2020,34,,206173,105173,6-3 7-5
298,SF,111,2020,34,,105577,104755,6-7(6) 6-2 6-0
297,QF,121,2020,34,,105173,105430,6-2 1-6 6-3
296,QF,131,2020,34,,206173,200282,6-7(3) 6-4 6-1
295,QF,72,2020,34,,105577,105357,6-3 6-2
294,QF,115,2020,34,,104755,106099,7-6(4) 7-5
293,R16,74,2020,34,,105430,133430,6-2 6-4
292,R16,106,2020,34,,105173,106078,6-4 7-6(6)
291,R16,110,2020,34,,200282,106234,6-4 7-6(5)
290,R16,78,2020,34,,206173,144817,6-3 6-4
289,R16,195,2020,34,,105357,104468,7-5 6-7(3) 6-2
288,R16,81,2020,34,,105577,105526,6-3 6-4
287,R16,69,2020,34,,104755,207797,6-4 6-2
286,R16,100,2020,34,,106099,200000,6-4 6-4
284,R32,76,2020,34,,105430,105216,6-4 6-1
283,R32,103,2020,34,,106078,104678,6-3 3-6 6-3
282,R32,129,2020,34,,105173,105373,3-6 6-1 7-5
280,R32,102,2020,34,,106234,106121,7-6(2) 6-1
279,R32,96,2020,34,,206173,105916,6-2 6-4
278,R32,111,2020,34,,144817,105932,6-1 4-6 7-6(6)
277,R32,73,2020,34,,105357,202090,6-3 6-1
276,R32,80,2020,34,,104468,105413,6-2 6-2
275,R32,163,2020,34,,105577,105011,6-2 5-7 7-6(5)
273,R32,66,2020,34,,207797,105227,6-3 6-2
272,R32,88,2020,34,,104755,106148,6-3 6-4
271,R32,142,2020,34,,106099,106220,4-6 6-4 6-4
300,F,162,2020,35,,106421,106233,4-6 7-6(2) 6-4
299,SF,155,2020,35,,106421,104745,3-6 7-6(4) 6-3
298,SF,174,2020,35,,106233,104925,7-5 6-7(10) 7-6(5)
297,RR,81,2020,35,,106421,104925,6-3 6-3
296,RR,96,2020,35,,104925,100644,6-3 7-6(4)
295,RR,78,2020,35,,104925,106043,6-3 6-2
294,RR,89,2020,35,,106421,100644,6-3 6-4
293,RR,73,2020,35,,106421,106043,6-3 6-3
292,RR,131,2020,35,,100644,106043,6-3 4-6 6-3
291,RR,145,2020,35,,106233,104745,7-6(7) 7-6(4)
290,RR,124,2020,35,,104745,126774,6-4 4-6 6-2
289,RR,77,2020,35,,104745,126094,6-3 6-4
288,RR,137,2020,35,,106233,126774,7-6(5) 4-6 6-3
287,RR,74,2020,35,,126094,106233,6-2 7-5
286,RR,115,2020,35,,126774,126094,6-1 4-6 7-6(6)
101,F,97,2020,36,,200005,200282,6-1 7-6(4)
102,SF,168,2020,36,,200282,105777,7-6(4) 6-7(3) 6-4
103,SF,192,2020,36,,200005,105554,4-6 7-6(7) 6-4
104,QF,58,2020,36,,200282,106218,6-3 6-0
105,QF,0,2020,36,,105777,105683,W/O
106,QF,160,2020,36,,105554,111575,3-6 7-6(7) 6-4
107,QF,95,2020,36,,200005,144750,6-3 7-6(2)
108,R16,100,2020,36,,106218,105676,6-3 7-5
109,R16,77,2020,36,,200282,103852,6-4 6-2
110,R16,140,2020,36,,105777,104665,4-6 6-3 6-4
111,R16,109,2020,36,,105683,111815,7-5 7-6(4)
112,R16,101,2020,36,,105554,126207,7-6(3) 6-2
113,R16,142,2020,36,,111575,200267,5-7 6-4 6-4
114,R16,113,2020,36,,144750,126203,7-5 7-6(3)
115,R16,154,2020,36,,200005,105807,5-7 6-3 6-4
117,R32,103,2020,36,,106218,208134,4-6 6-4 6-1
118,R32,61,2020,36,,103852,126205,6-3 6-2
119,R32,138,2020,36,,200282,104755,3-6 7-6(5) 6-3
121,R32,81,2020,36,,104665,105948,6-2 6-3
122,R32,96,2020,36,,111815,200325,6-3 7-6(4)
123,R32,85,2020,36,,105683,105379,6-3 7-6(4)
124,R32,81,2020,36,,126207,105583,6-3 7-6(6)
125,R32,115,2020,36,,105554,106099,6-2 3-6 6-3
126,R32,102,2020,36,,200267,105077,7-5 7-5
128,R32,67,2020,36,,126203,124187,7-6(5) 6-1
129,R32,84,2020,36,,144750,144895,7-5 6-2
130,R32,73,2020,36,,200005,106293,6-4 6-3
