ID_Partido;Ronda;Duracion;Año;ID_Torneo;ID_Juez;ID_Jug_Ganador;ID_Jugador_Perdedor;Resultado
300;F;95;2020;8;;200033;202468;6-3 6-4
299;SF;43;2020;8;;200033;216153;6-1 6-1
298;SF;113;2020;8;;202468;201496;3-6 6-4 6-0
297;QF;88;2020;8;;200033;201696;6-4 6-3
296;QF;116;2020;8;;216153;202446;6-2 3-6 6-4
295;QF;75;2020;8;;201496;201504;6-1 6-4
294;QF;48;2020;8;;202468;201427;6-0 3-2 RET
293;R16;120;2020;8;;200033;201539;3-6 6-2 6-3
292;R16;134;2020;8;;201696;221103;5-7 6-2 6-3
291;R16;73;2020;8;;216153;214082;6-2 6-4
290;R16;88;2020;8;;202446;201614;6-4 6-4
289;R16;139;2020;8;;201496;201616;6-1 4-6 6-4
288;R16;78;2020;8;;201504;213525;6-3 6-2
287;R16;61;2020;8;;202468;214461;6-2 6-3
286;R16;136;2020;8;;201427;201549;3-6 6-4 6-4
285;R32;68;2020;8;;200033;202429;6-3 6-2
284;R32;92;2020;8;;201539;215983;7-5 6-2
283;R32;61;2020;8;;221103;214149;6-3 6-1
282;R32;86;2020;8;;201696;216083;6-2 6-2
281;R32;78;2020;8;;216153;203462;6-3 6-4
280;R32;106;2020;8;;214082;201521;6-3 3-6 6-2
279;R32;99;2020;8;;202446;201465;7-5 7-5
278;R32;152;2020;8;;201614;203501;5-7 6-3 7-5
277;R32;53;2020;8;;201496;212805;6-1 6-0
276;R32;106;2020;8;;201616;201478;7-6(7) 6-2
275;R32;88;2020;8;;213525;221173;6-4 6-3
274;R32;96;2020;8;;201504;213889;6-1 7-6(4)
273;R32;137;2020;8;;214461;202490;7-6(7) 7-6(5)
272;R32;64;2020;8;;202468;214263;6-0 6-4
271;R32;135;2020;8;;201427;204434;4-6 7-5 6-3
270;R32;162;2020;8;;201549;213672;5-7 6-4 6-4
300;F;127;2020;37;;201662;201619;6-4 4-6 7-5
299;SF;120;2020;37;;201619;201520;3-6 6-2 6-3
298;SF;168;2020;37;;201662;211768;6-7(10) 7-6(3) 6-2
297;QF;79;2020;37;;201520;206108;6-4 6-2
296;QF;66;2020;37;;201619;203389;6-4 6-1
295;QF;119;2020;37;;211768;202428;6-3 3-6 6-3
294;QF;113;2020;37;;201662;201590;7-6(6) 6-3
293;R16;91;2020;37;;206108;202458;6-4 7-6(4)
292;R16;60;2020;37;;201520;214643;6-3 6-2
291;R16;58;2020;37;;203389;201709;6-1 6-0
290;R16;78;2020;37;;201619;201325;7-5 6-3
289;R16;121;2020;37;;202428;204426;6-3 2-6 7-5
288;R16;140;2020;37;;211768;213550;6-7(3) 6-3 6-1
287;R16;93;2020;37;;201590;201366;6-3 6-4
286;R16;121;2020;37;;201662;201548;6-4 6-7(5) 6-1
284;R32;134;2020;37;;206108;201345;3-6 6-1 7-6(3)
283;R32;127;2020;37;;214643;201585;6-4 2-6 6-3
282;R32;107;2020;37;;201520;201499;2-6 6-1 6-0
281;R32;56;2020;37;;203389;202494;6-1 6-1
280;R32;151;2020;37;;201709;202499;6-3 3-6 7-5
279;R32;114;2020;37;;201325;201493;7-6(5) 7-6(4)
278;R32;66;2020;37;;201619;213631;6-3 6-2
277;R32;116;2020;37;;202428;215035;6-4 1-6 6-3
276;R32;70;2020;37;;204426;201444;6-4 6-1
275;R32;94;2020;37;;213550;201545;7-6(1) 6-4
274;R32;127;2020;37;;211768;206289;6-2 6-7(4) 6-3
273;R32;133;2020;37;;201366;202427;6-2 3-6 6-3
272;R32;78;2020;37;;201590;214096;6-4 6-2
271;R32;138;2020;37;;201548;211880;6-2 4-6 6-4
300;F;73;2020;38;;206420;214981;6-2 6-4
299;SF;76;2020;38;;206420;202469;6-4 6-3
298;SF;72;2020;38;;214981;201697;6-2 7-5
297;QF;130;2020;38;;202469;201610;6-4 2-6 6-4
296;QF;128;2020;38;;206420;202492;3-6 6-4 6-3
295;QF;121;2020;38;;214981;210722;6-4 4-6 6-2
294;QF;72;2020;38;;201697;201435;6-4 6-4
293;R16;165;2020;38;;201610;215020;6-1 6-7(9) 6-4
292;R16;83;2020;38;;202469;201603;6-1 7-6(2)
291;R16;130;2020;38;;202492;205925;6-4 0-6 7-6(5)
290;R16;82;2020;38;;206420;201397;7-6(7) 6-1
289;R16;87;2020;38;;214981;206374;6-3 6-4
288;R16;85;2020;38;;210722;216016;6-4 6-3
287;R16;92;2020;38;;201435;201533;7-6(8) 6-3
286;R16;89;2020;38;;201697;214544;6-4 6-4
285;R32;113;2020;38;;215020;202505;3-6 6-3 6-3
284;R32;68;2020;38;;201610;202504;6-3 6-4
283;R32;153;2020;38;;201603;202484;6-3 5-7 6-4
282;R32;94;2020;38;;202469;216133;3-6 6-3 6-0
281;R32;58;2020;38;;202492;202460;6-0 6-3
280;R32;76;2020;38;;205925;204431;6-2 6-3
279;R32;119;2020;38;;201397;202684;6-2 3-6 6-3
278;R32;88;2020;38;;206420;211701;6-4 6-4
277;R32;116;2020;38;;214981;202453;6-2 1-6 6-2
276;R32;120;2020;38;;206374;204427;1-6 6-1 6-3
275;R32;101;2020;38;;216016;201514;3-6 6-1 6-1
274;R32;91;2020;38;;210722;201615;6-3 6-3
273;R32;73;2020;38;;201533;202663;6-4 6-2
272;R32;82;2020;38;;201435;201595;6-4 6-1
271;R32;76;2020;38;;201697;201593;6-3 6-3
270;R32;71;2020;38;;214544;202506;6-3 6-0
300;F;85;2020;7;;202458;215035;6-2 7-5
299;SF;115;2020;7;;202458;203389;3-6 6-1 7-6(5)
298;SF;104;2020;7;;215035;214544;6-4 7-6(4)
297;QF;81;2020;7;;202458;214954;6-3 6-3
296;QF;64;2020;7;;203389;202505;6-3 6-1
295;QF;68;2020;7;;215035;202499;6-4 6-3
294;QF;69;2020;7;;214544;201594;6-4 6-2
293;R16;129;2020;7;;202458;201499;4-6 6-3 7-5
292;R16;51;2020;7;;214954;201613;6-0 6-0
291;R16;109;2020;7;;202505;201504;7-6(6) 7-6(4)
290;R16;70;2020;7;;203389;213550;6-3 6-1
289;R16;120;2020;7;;202499;206289;2-6 7-5 6-1
288;R16;47;2020;7;;215035;201493;6-3 2-0 RET
287;R16;81;2020;7;;214544;211095;7-6(4) 6-2
286;R16;96;2020;7;;201594;201548;6-4 7-5
284;R32;87;2020;7;;201499;204426;6-2 6-4
283;R32;70;2020;7;;201613;201585;6-2 6-2
282;R32;58;2020;7;;214954;213583;6-3 6-0
281;R32;84;2020;7;;202505;214082;6-4 6-4
280;R32;107;2020;7;;201504;211880;7-6(7) 6-3
279;R32;91;2020;7;;203389;205925;6-3 6-2
278;R32;63;2020;7;;213550;203530;6-0 6-4
277;R32;87;2020;7;;206289;201554;7-5 6-2
276;R32;118;2020;7;;202499;201545;4-6 6-1 6-3
275;R32;76;2020;7;;215035;201693;7-5 6-3
274;R32;82;2020;7;;201493;202492;6-1 6-3
273;R32;125;2020;7;;214544;201444;5-7 6-1 7-5
272;R32;109;2020;7;;211095;201366;7-6(6) 6-3
271;R32;118;2020;7;;201548;201709;7-6(4) 6-2
300;F;93;2020;39;;214981;201533;7-6(7) 6-3
299;SF;136;2020;39;;214981;201586;6-3 4-6 6-4
298;SF;64;2020;39;;201533;206368;6-3 6-4
297;QF;213;2020;39;;201586;210722;6-7(5) 6-4 7-5
296;QF;157;2020;39;;214981;211878;6-7(4) 7-6(2) 7-5
295;QF;88;2020;39;;201533;201616;6-1 6-4
294;QF;0;2020;39;;206368;202469;W/O
293;R16;56;2020;39;;210722;214149;6-1 6-0
292;R16;112;2020;39;;201586;211539;7-6(5) 6-3
291;R16;94;2020;39;;214981;201427;7-5 6-3
290;R16;125;2020;39;;211878;201697;4-6 6-4 6-4
289;R16;108;2020;39;;201616;202663;6-4 6-4
288;R16;109;2020;39;;201533;203462;4-6 6-1 6-2
287;R16;105;2020;39;;206368;214263;7-6(6) 6-1
286;R16;143;2020;39;;202469;202460;3-6 6-3 7-6(4)
285;R32;68;2020;39;;210722;201539;6-1 6-1
284;R32;165;2020;39;;214149;202684;5-7 6-2 7-6(3)
283;R32;116;2020;39;;201586;213525;1-6 6-4 6-4
282;R32;49;2020;39;;211539;202490;4-4 RET
281;R32;65;2020;39;;214981;214461;6-1 6-4
280;R32;133;2020;39;;201427;202421;7-5 1-6 6-2
279;R32;94;2020;39;;201697;211411;1-6 6-4 6-3
278;R32;124;2020;39;;211878;201614;4-6 6-4 6-2
277;R32;126;2020;39;;202663;201320;7-6(2) 7-6(9)
276;R32;154;2020;39;;201616;206292;6-3 3-6 7-6(6)
275;R32;82;2020;39;;203462;204427;6-2 6-1
274;R32;136;2020;39;;201533;201465;4-6 6-3 6-2
273;R32;64;2020;39;;206368;201325;6-2 6-2
272;R32;170;2020;39;;214263;213631;3-6 7-6(4) 6-3
271;R32;77;2020;39;;202460;215020;6-4 6-1
270;R32;95;2020;39;;202469;206374;6-1 7-5
100;R128;96;2020;1;;202458;201615;5-7 6-1 6-1
101;R128;85;2020;1;;201555;202490;6-3 6-3
102;R128;159;2020;1;;213889;205925;7-6(3) 4-6 7-5
103;R128;64;2020;1;;214981;211095;6-3 6-2
104;R128;180;2020;1;;201590;206374;7-6(5) 2-6 6-3
105;R128;151;2020;1;;202684;203530;4-6 6-1 7-6(5)
106;R128;56;2020;1;;201504;214149;6-1 6-2
107;R128;84;2020;1;;201549;201539;6-3 6-0
108;R128;57;2020;1;;201619;214082;6-3 6-1
109;R128;135;2020;1;;201551;202663;1-6 6-3 6-4
110;R128;147;2020;1;;211702;201397;4-6 7-6(6) 6-3
111;R128;63;2020;1;;206289;202506;6-2 6-2
112;R128;130;2020;1;;206420;213525;6-4 4-6 6-2
113;R128;148;2020;1;;206252;201466;7-6(3) 2-6 6-3
114;R128;57;2020;1;;211651;201596;6-1 6-0
115;R128;50;2020;1;;201520;211701;6-1 6-0
116;R128;80;2020;1;;211768;213631;6-2 6-4
117;R128;72;2020;1;;202453;214939;6-3 6-2
118;R128;97;2020;1;;221103;200748;7-6(5) 6-3
119;R128;103;2020;1;;201514;201366;6-2 7-6(5)
120;R128;122;2020;1;;201533;201585;2-6 7-5 6-2
121;R128;99;2020;1;;216083;201325;6-1 6-4
122;R128;118;2020;1;;215983;211878;7-6(4) 7-6(10)
123;R128;78;2020;1;;213550;203354;6-2 6-4
124;R128;63;2020;1;;202460;202427;6-4 6-2
125;R128;119;2020;1;;201614;201483;6-7(5) 6-2 6-2
126;R128;85;2020;1;;201496;201529;6-1 6-3
127;R128;54;2020;1;;215035;215219;6-1 6-1
128;R128;91;2020;1;;202492;201426;7-6(2) 6-3
129;R128;74;2020;1;;211539;202421;6-2 6-1
130;R128;67;2020;1;;214461;204291;6-3 6-3
131;R128;58;2020;1;;200033;215713;6-0 6-3
132;R128;102;2020;1;;202505;203533;6-3 7-5
133;R128;74;2020;1;;211533;214643;6-1 6-4
134;R128;126;2020;1;;204427;206368;2-6 6-1 6-1
135;R128;59;2020;1;;204426;206292;6-0 6-2
136;R128;81;2020;1;;202499;201345;6-3 6-4
137;R128;120;2020;1;;201427;201512;5-7 6-1 6-0
138;R128;67;2020;1;;216347;201693;6-3 6-2
139;R128;131;2020;1;;201521;214544;7-6(6) 7-6(6)
140;R128;58;2020;1;;210722;203575;6-2 6-0
141;R128;118;2020;1;;201586;201697;4-6 6-3 6-1
142;R128;52;2020;1;;214263;213583;6-0 6-2
143;R128;146;2020;1;;214096;201465;6-3 2-6 7-6(7)
144;R128;122;2020;1;;203389;201554;6-1 3-6 6-4
145;R128;78;2020;1;;201709;201444;6-1 6-3
146;R128;169;2020;1;;211279;201595;2-6 6-4 7-6(6)
147;R128;96;2020;1;;201594;206108;7-6(5) 6-1
148;R128;81;2020;1;;202494;211107;6-4 7-5
149;R128;84;2020;1;;201616;220367;6-4 6-2
150;R128;94;2020;1;;202469;201603;0-6 6-1 6-0
151;R128;77;2020;1;;201548;201545;6-1 6-1
152;R128;106;2020;1;;201610;216153;6-3 4-6 6-3
153;R128;100;2020;1;;215020;211148;7-5 6-4
154;R128;117;2020;1;;201613;201435;3-6 7-6(5) 6-0
155;R128;75;2020;1;;202428;201593;6-1 6-4
156;R128;112;2020;1;;201320;214954;6-2 4-6 6-4
157;R128;80;2020;1;;202429;204430;6-3 6-3
158;R128;86;2020;1;;211880;203462;6-3 6-4
159;R128;82;2020;1;;201493;220714;6-2 6-2
160;R128;72;2020;1;;201499;211411;6-1 7-5
161;R128;109;2020;1;;203501;202468;6-4 7-6(5)
162;R128;85;2020;1;;201696;201535;6-1 6-4
163;R128;84;2020;1;;201662;201540;6-1 7-5
164;R64;66;2020;1;;202458;201555;6-1 6-4
165;R64;74;2020;1;;214981;213889;6-3 6-4
166;R64;61;2020;1;;201590;202684;6-3 6-1
167;R64;126;2020;1;;201504;201549;4-6 6-3 7-5
168;R64;79;2020;1;;201619;201551;7-6(3) 6-2
169;R64;103;2020;1;;206289;211702;7-6(4) 6-4
170;R64;63;2020;1;;206420;206252;6-1 6-3
171;R64;98;2020;1;;201520;211651;7-5 7-5
172;R64;80;2020;1;;211768;202453;6-2 6-4
173;R64;126;2020;1;;221103;201514;4-6 6-3 7-5
174;R64;84;2020;1;;201533;216083;6-2 6-4
175;R64;57;2020;1;;213550;215983;6-1 6-3
176;R64;96;2020;1;;202460;201614;1-6 6-2 6-3
177;R64;122;2020;1;;201496;215035;7-5 7-5
178;R64;61;2020;1;;202492;211539;6-1 6-2
179;R64;78;2020;1;;200033;214461;6-2 6-3
180;R64;101;2020;1;;202505;211533;7-5 7-5
181;R64;101;2020;1;;204426;204427;6-2 4-6 6-1
182;R64;91;2020;1;;202499;201427;6-4 6-2
183;R64;88;2020;1;;216347;201521;6-3 7-5
184;R64;56;2020;1;;210722;201586;6-3 6-0
185;R64;83;2020;1;;214263;214096;6-4 6-4
186;R64;156;2020;1;;201709;203389;6-4 2-6 7-5
187;R64;77;2020;1;;201594;211279;6-2 6-4
188;R64;92;2020;1;;202494;201616;6-2 7-6(6)
189;R64;141;2020;1;;202469;201548;6-3 3-6 6-3
190;R64;133;2020;1;;201610;215020;4-6 6-3 6-4
191;R64;86;2020;1;;202428;201613;6-3 7-5
192;R64;63;2020;1;;202429;201320;6-3 6-1
193;R64;72;2020;1;;201493;211880;6-3 6-2
194;R64;127;2020;1;;201499;203501;7-5 7-6(1)
195;R64;86;2020;1;;201662;201696;6-3 6-3
196;R32;78;2020;1;;202458;214981;6-3 6-2
197;R32;136;2020;1;;201590;201504;1-6 7-6(4) 6-2
198;R32;75;2020;1;;206289;201619;6-4 6-4
199;R32;58;2020;1;;201520;206420;6-1 6-2
200;R32;67;2020;1;;221103;211768;6-3 6-4
201;R32;122;2020;1;;213550;201533;7-5 7-6(7)
202;R32;127;2020;1;;202460;201496;7-5 3-6 7-5
203;R32;161;2020;1;;202492;200033;6-4 6-7(2) 7-5
204;R32;49;2020;1;;204426;202505;6-0 6-1
205;R32;104;2020;1;;216347;202499;7-5 6-3
206;R32;119;2020;1;;210722;214263;6-1 6-7(5) 6-0
207;R32;78;2020;1;;201594;201709;6-1 6-4
208;R32;67;2020;1;;202469;202494;6-1 6-2
209;R32;95;2020;1;;202428;201610;6-2 7-6(3)
210;R32;128;2020;1;;201493;202429;6-2 6-7(4) 6-3
211;R32;145;2020;1;;201499;201662;7-6(4) 7-6(3)
212;R16;96;2020;1;;202458;201590;6-3 1-6 6-4
213;R16;132;2020;1;;201520;206289;6-7(4) 6-3 6-2
214;R16;129;2020;1;;213550;221103;6-7(5) 6-3 6-0
215;R16;77;2020;1;;202460;202492;7-6(4) 6-1
216;R16;162;2020;1;;204426;216347;6-7(4) 7-5 7-5
217;R16;97;2020;1;;201594;210722;6-4 6-4
218;R16;68;2020;1;;202469;202428;6-3 6-3
219;R16;157;2020;1;;201499;201493;6-7(5) 7-6(4) 6-2
220;QF;104;2020;1;;202458;201520;7-6(6) 6-2
221;QF;92;2020;1;;213550;202460;6-4 6-4
222;QF;53;2020;1;;201594;204426;6-1 6-1
223;QF;93;2020;1;;202469;201499;7-5 6-3
224;SF;105;2020;1;;213550;202458;7-6(6) 7-5
225;SF;125;2020;1;;202469;201594;7-6(8) 7-5
226;F;123;2020;1;;213550;202469;4-6 6-2 6-2
300;F;76;2020;40;;202663;215259;6-3 6-2
299;SF;149;2020;40;;215259;211702;7-5 4-6 6-3
298;SF;94;2020;40;;202663;206255;7-5 6-4
297;QF;77;2020;40;;211702;202494;6-4 6-2
296;QF;137;2020;40;;215259;202492;7-5 4-6 6-4
295;QF;99;2020;40;;206255;202453;6-4 6-2
294;QF;116;2020;40;;202663;216016;2-6 6-3 6-3
293;R16;57;2020;40;;202494;204411;6-1 6-2
292;R16;53;2020;40;;211702;204223;6-0 6-1
291;R16;89;2020;40;;202492;203514;6-3 6-4
290;R16;70;2020;40;;215259;202684;6-3 6-1
289;R16;74;2020;40;;206255;214646;6-1 6-3
288;R16;80;2020;40;;202453;215314;6-4 6-3
287;R16;95;2020;40;;202663;201397;7-5 6-1
286;R16;97;2020;40;;216016;202482;6-3 6-4
285;R32;79;2020;40;;202494;202457;6-2 6-4
284;R32;76;2020;40;;204411;205918;6-3 6-4
283;R32;168;2020;40;;204223;203564;7-6(3) 3-6 6-4
282;R32;116;2020;40;;211702;201613;7-6(5) 7-5
281;R32;59;2020;40;;202492;201580;6-1 6-1
280;R32;100;2020;40;;203514;206102;3-6 6-0 6-1
279;R32;51;2020;40;;215259;211756;6-0 6-3
278;R32;82;2020;40;;202684;202491;6-4 6-2
277;R32;133;2020;40;;206255;206374;6-1 1-6 7-6(5)
276;R32;103;2020;40;;214646;206391;7-6(4) 6-2
275;R32;52;2020;40;;215314;216133;6-3 6-0
274;R32;110;2020;40;;202453;210337;7-6(6) 6-0
273;R32;66;2020;40;;202663;201435;6-2 6-2
272;R32;47;2020;40;;201397;206294;6-1 6-0
271;R32;165;2020;40;;202482;214540;3-6 7-5 6-3
270;R32;88;2020;40;;216016;201549;6-3 6-4
300;F;74;2020;28;;202428;214981;6-1 6-3
299;SF;114;2020;28;;214981;206289;3-6 7-5 6-1
298;SF;101;2020;28;;202428;206420;6-1 4-6 6-1
297;QF;128;2020;28;;206289;202505;2-6 6-4 6-3
296;QF;147;2020;28;;214981;206219;6-7(5) 7-5 6-2
295;QF;0;2020;28;;206420;201520;W/O
294;QF;110;2020;28;;202428;215713;6-4 7-6(3)
293;R16;104;2020;28;;202505;201320;7-6(4) 6-4
292;R16;85;2020;28;;206289;201427;6-2 6-4
291;R16;87;2020;28;;206219;202427;6-3 6-4
290;R16;72;2020;28;;214981;211539;6-3 6-4
289;R16;80;2020;28;;206420;202499;6-1 7-5
288;R16;136;2020;28;;201520;202421;7-6(1) 1-6 6-2
287;R16;93;2020;28;;215713;201548;7-6(2) 6-3
286;R16;57;2020;28;;202428;206368;6-1 6-2
284;R32;87;2020;28;;201320;206108;6-3 6-1
283;R32;62;2020;28;;201427;211533;6-1 6-2
282;R32;158;2020;28;;206289;201554;3-6 6-4 7-6(3)
280;R32;68;2020;28;;206219;214149;6-2 6-2
279;R32;149;2020;28;;211539;201614;7-5 3-6 6-3
278;R32;79;2020;28;;214981;211701;6-3 6-4
277;R32;70;2020;28;;202499;201529;6-4 6-1
276;R32;119;2020;28;;206420;214082;6-4 3-6 6-4
275;R32;78;2020;28;;202421;201540;6-4 6-1
273;R32;130;2020;28;;201548;214954;3-6 6-3 6-4
272;R32;79;2020;28;;215713;214643;6-2 6-4
271;R32;154;2020;28;;206368;201709;7-6(4) 1-6 7-5
300;F;147;2020;20;;201594;214981;3-6 6-3 7-6(5)
299;SF;62;2020;20;;201594;206108;6-2 6-0
298;SF;132;2020;20;;214981;201549;7-6(5) 7-6(2)
297;QF;96;2020;20;;201594;214544;3-6 6-2 6-2
296;QF;129;2020;20;;206108;202469;6-7(5) 6-3 6-4
295;QF;101;2020;20;;201549;204426;7-6(4) 6-1
294;QF;101;2020;20;;214981;201662;7-6(1) 6-3
293;R16;120;2020;20;;201594;202460;1-6 6-2 7-6(7)
292;R16;90;2020;20;;214544;210722;6-4 6-3
291;R16;124;2020;20;;206108;214954;4-6 6-4 6-1
290;R16;145;2020;20;;202469;206368;7-5 4-6 6-4
289;R16;106;2020;20;;201549;201366;6-3 6-3
288;R16;99;2020;20;;204426;201499;7-6(5) 7-5
287;R16;81;2020;20;;214981;211701;6-3 6-3
286;R16;67;2020;20;;201662;201540;6-1 6-2
284;R32;132;2020;20;;202460;201590;7-6(3) 1-6 6-3
283;R32;62;2020;20;;210722;202492;6-3 6-0
282;R32;122;2020;20;;214544;206289;6-2 4-6 6-1
281;R32;60;2020;20;;206108;202494;6-2 6-1
280;R32;69;2020;20;;214954;201545;6-3 6-2
279;R32;138;2020;20;;206368;215035;5-7 6-3 7-6(2)
278;R32;97;2020;20;;202469;200079;6-2 7-6(6)
277;R32;92;2020;20;;201549;201444;6-4 6-3
276;R32;153;2020;20;;201366;216153;7-6(3) 2-6 6-4
275;R32;69;2020;20;;204426;201514;6-1 6-3
274;R32;90;2020;20;;201499;202505;1-6 6-1 6-1
273;R32;120;2020;20;;214981;213550;6-7(2) 6-3 6-3
272;R32;112;2020;20;;211701;214096;6-4 4-6 6-0
271;R32;92;2020;20;;201540;205925;6-4 6-3
300;F;166;2020;19;;201586;220367;6-4 6-7(8) 6-1
299;SF;87;2020;19;;220367;213887;6-3 6-3
298;SF;106;2020;19;;201586;216016;6-4 7-6(6)
297;QF;104;2020;19;;213887;214461;6-2 3-6 6-2
296;QF;93;2020;19;;220367;215713;6-3 7-5
295;QF;112;2020;19;;201586;201539;6-3 1-6 6-1
294;QF;61;2020;19;;216016;202684;6-2 6-2
293;R16;162;2020;19;;213887;220465;4-6 7-5 6-0
292;R16;74;2020;19;;214461;215219;6-2 6-2
291;R16;84;2020;19;;215713;213583;6-3 6-3
290;R16;64;2020;19;;220367;211702;6-3 6-0
289;R16;104;2020;19;;201586;201435;7-6(2) 6-2
288;R16;171;2020;19;;201539;214452;5-7 6-4 6-3
287;R16;108;2020;19;;202684;211107;7-6(2) 7-5
286;R16;142;2020;19;;216016;201506;7-5 6-7(3) 6-1
285;R32;85;2020;19;;213887;201585;6-4 6-2
284;R32;100;2020;19;;220465;201603;6-2 7-6(5)
283;R32;91;2020;19;;214461;214939;6-3 6-4
282;R32;158;2020;19;;215219;200748;4-6 7-6(4) 6-2
281;R32;145;2020;19;;213583;213631;6-4 1-6 6-2
280;R32;138;2020;19;;215713;203533;4-6 7-5 6-1
279;R32;70;2020;19;;220367;211411;6-4 6-1
278;R32;93;2020;19;;211702;201551;6-3 6-1
277;R32;150;2020;19;;201586;201535;4-6 6-4 6-4
276;R32;167;2020;19;;201435;203575;6-7(7) 6-4 6-2
275;R32;64;2020;19;;214452;213672;6-2 6-2
274;R32;127;2020;19;;201539;201616;6-2 1-6 6-4
273;R32;101;2020;19;;202684;215290;7-6(2) 6-2
272;R32;119;2020;19;;211107;215371;2-6 6-3 6-2
271;R32;141;2020;19;;201506;204427;7-5 6-4
270;R32;110;2020;19;;216016;206374;6-4 7-6(8)
300;F;74;2020;6;;214544;201520;6-3 6-3
299;SF;111;2020;6;;201520;202458;6-4 2-6 6-4
298;SF;73;2020;6;;214544;201320;6-4 6-3
297;QF;113;2020;6;;202458;202469;6-1 6-7(4) 6-2
296;QF;104;2020;6;;201520;202460;7-6(2) 7-6(4)
295;QF;95;2020;6;;201320;202505;6-4 6-4
294;QF;140;2020;6;;214544;202453;3-6 7-6(2) 6-3
293;R16;;2020;6;;202458;214981;W/O
292;R16;70;2020;6;;202469;215035;6-2 6-4
291;R16;107;2020;6;;202460;201662;6-4 3-6 6-3
290;R16;118;2020;6;;201520;211533;6-2 5-7 6-1
289;R16;0;2020;6;;201320;216153;W/O
288;R16;88;2020;6;;202505;201709;6-4 6-3
287;R16;130;2020;6;;202453;202428;3-6 6-3 6-4
286;R16;53;2020;6;;214544;206289;6-3 6-0
285;R32;73;2020;6;;202458;201696;6-3 6-2
284;R32;141;2020;6;;214981;202421;5-7 6-2 7-6(8)
283;R32;58;2020;6;;202469;201548;6-1 6-2
282;R32;95;2020;6;;215035;213550;6-3 7-6(4)
281;R32;55;2020;6;;201662;211095;6-3 6-0
280;R32;78;2020;6;;202460;206108;6-4 6-3
279;R32;78;2020;6;;211533;201366;6-1 6-2
278;R32;102;2020;6;;201520;201521;4-6 6-3 6-0
277;R32;64;2020;6;;216153;202494;6-3 6-3
276;R32;65;2020;6;;201320;216347;6-2 6-2
275;R32;120;2020;6;;201709;210722;4-6 6-3 6-2
274;R32;158;2020;6;;202505;206368;6-4 4-6 7-6(4)
273;R32;83;2020;6;;202428;214096;6-2 6-4
272;R32;90;2020;6;;202453;201329;7-5 6-1
271;R32;130;2020;6;;206289;206124;3-6 7-6(5) 6-0
270;R32;135;2020;6;;214544;204426;7-5 2-6 7-5
268;R64;79;2020;6;;201696;201468;6-3 6-2
267;R64;63;2020;6;;202421;201555;6-2 6-2
266;R64;101;2020;6;;214981;201514;3-6 6-3 6-1
265;R64;169;2020;6;;202469;214082;7-5 5-7 6-3
264;R64;68;2020;6;;201548;211880;6-2 6-4
263;R64;72;2020;6;;215035;201465;6-2 6-4
260;R64;65;2020;6;;211095;201614;6-3 6-1
259;R64;70;2020;6;;202460;211701;6-3 6-2
258;R64;167;2020;6;;206108;201590;7-6(10) 1-6 7-6(3)
257;R64;105;2020;6;;201366;201549;4-6 6-1 6-2
256;R64;150;2020;6;;211533;213525;7-5 2-6 7-5
255;R64;71;2020;6;;201521;201533;7-5 6-0
252;R64;93;2020;6;;216153;206420;6-3 7-6(4)
251;R64;81;2020;6;;201320;201666;6-2 6-2
250;R64;112;2020;6;;216347;202499;6-4 7-5
249;R64;64;2020;6;;210722;202492;6-1 6-2
248;R64;85;2020;6;;201709;201693;6-3 6-4
247;R64;133;2020;6;;206368;201540;7-6(6) 0-6 6-3
244;R64;70;2020;6;;214096;202663;6-3 6-1
243;R64;81;2020;6;;201329;201444;6-4 6-4
242;R64;101;2020;6;;202453;214954;1-6 6-3 6-2
241;R64;81;2020;6;;206289;201504;6-4 6-3
240;R64;116;2020;6;;206124;201595;6-2 3-6 6-2
239;R64;99;2020;6;;204426;201545;6-4 7-6(3)
300;F;109;2020;41;;213550;204431;6-2 4-6 6-4
299;SF;147;2020;41;;213550;202421;7-6(5) 6-7(2) 7-6(2)
298;SF;125;2020;41;;204431;214082;6-3 3-6 6-2
297;QF;110;2020;41;;213550;206219;6-1 6-7(5) 6-2
296;QF;70;2020;41;;202421;201614;6-2 6-2
295;QF;117;2020;41;;214082;202429;6-2 4-6 6-2
294;QF;143;2020;41;;204431;214149;3-6 7-6(4) 6-2
293;R16;151;2020;41;;213550;211713;6-7(5) 7-5 6-4
292;R16;0;2020;41;;206219;213525;W/O
291;R16;80;2020;41;;201614;204434;7-5 6-2
290;R16;140;2020;41;;202421;202600;3-6 6-4 7-6(2)
289;R16;65;2020;41;;214082;210705;6-3 6-2
288;R16;153;2020;41;;202429;201427;4-6 7-6(5) 6-2
287;R16;130;2020;41;;214149;206124;6-4 4-6 6-4
286;R16;72;2020;41;;204431;201540;6-3 6-3
285;R32;84;2020;41;;213550;201554;6-4 6-3
284;R32;74;2020;41;;211713;211880;6-2 6-0
283;R32;95;2020;41;;206219;201605;6-4 6-4
282;R32;87;2020;41;;213525;216262;6-4 6-3
281;R32;136;2020;41;;201614;213889;6-4 1-6 7-6(5)
280;R32;79;2020;41;;204434;216146;6-4 6-4
279;R32;168;2020;41;;202600;211684;7-5 6-7(5) 6-4
278;R32;60;2020;41;;202421;203514;6-1 6-3
277;R32;146;2020;41;;214082;201426;6-2 5-7 6-4
276;R32;162;2020;41;;210705;201693;6-3 6-7(2) 6-4
275;R32;82;2020;41;;202429;214304;6-3 6-4
274;R32;78;2020;41;;201427;204430;7-5 6-0
273;R32;98;2020;41;;214149;204246;6-2 2-6 6-2
272;R32;116;2020;41;;206124;202536;6-3 4-6 6-3
271;R32;92;2020;41;;204431;211856;6-2 6-2
270;R32;132;2020;41;;201540;203564;1-6 6-2 6-4
300;F;180;2020;42;;202494;213631;7-5 4-6 6-4
299;SF;50;2020;42;;202494;201551;6-0 6-1
298;SF;101;2020;42;;213631;202427;6-3 6-4
297;QF;98;2020;42;;202494;220367;6-4 7-5
296;QF;62;2020;42;;201551;202490;6-1 6-1
295;QF;111;2020;42;;213631;206374;6-2 7-5
294;QF;160;2020;42;;202427;215713;6-7(6) 6-3 7-6(7)
293;R16;78;2020;42;;202494;201501;6-3 6-4
292;R16;125;2020;42;;220367;201585;6-7(4) 6-3 6-3
291;R16;108;2020;42;;201551;201616;7-5 6-0
290;R16;124;2020;42;;202490;201435;7-6(2) 7-5
289;R16;172;2020;42;;206374;206292;7-6(5) 4-6 6-3
288;R16;82;2020;42;;213631;203533;6-4 6-1
287;R16;124;2020;42;;215713;214461;1-6 7-6(3) 6-1
286;R16;107;2020;42;;202427;213583;7-6(4) 6-3
285;R32;60;2020;42;;202494;203575;6-3 6-2
284;R32;99;2020;42;;201501;214452;3-6 6-2 6-1
283;R32;98;2020;42;;220367;201527;7-6(5) 6-2
282;R32;136;2020;42;;201585;215613;6-4 5-7 6-1
281;R32;69;2020;42;;201616;206408;6-0 6-3
280;R32;33;2020;42;;201551;202491;4-3 RET
279;R32;100;2020;42;;201435;204427;4-6 6-0 6-2
278;R32;148;2020;42;;202490;203462;3-6 7-6(1) 6-4
277;R32;86;2020;42;;206374;202418;6-4 6-4
276;R32;84;2020;42;;206292;211411;6-4 6-4
275;R32;149;2020;42;;203533;200748;4-6 6-3 6-2
274;R32;101;2020;42;;213631;201568;6-4 6-2
273;R32;67;2020;42;;214461;201458;6-2 6-2
272;R32;137;2020;42;;215713;202579;6-4 4-6 6-4
271;R32;159;2020;42;;213583;201586;7-6(4) 3-6 7-5
270;R32;85;2020;42;;202427;200079;6-3 7-5
300;F;103;2020;43;;211539;204426;6-2 7-5
299;SF;89;2020;43;;204426;201549;6-2 6-4
298;SF;126;2020;43;;211539;202429;2-6 6-2 7-5
297;QF;138;2020;43;;201549;205925;7-6(5) 7-6(3)
296;QF;114;2020;43;;204426;220714;6-1 4-6 6-1
295;QF;88;2020;43;;211539;201506;6-4 6-1
294;QF;172;2020;43;;202429;215035;4-6 7-6(5) 6-3
293;R16;150;2020;43;;201549;214643;5-7 6-4 6-2
292;R16;72;2020;43;;205925;211148;6-0 6-2
291;R16;138;2020;43;;204426;201696;3-6 6-2 6-2
290;R16;95;2020;43;;220714;202499;6-2 6-4
289;R16;109;2020;43;;211539;206420;7-5 6-2
288;R16;121;2020;43;;201506;201697;3-6 6-4 6-3
287;R16;77;2020;43;;215035;206219;6-2 6-4
286;R16;122;2020;43;;202429;215219;3-6 6-2 6-4
285;R32;65;2020;43;;201549;202421;6-0 6-3
284;R32;93;2020;43;;214643;201465;6-4 6-2
283;R32;189;2020;43;;211148;214082;5-7 6-4 6-4
282;R32;83;2020;43;;205925;210722;6-4 6-1
281;R32;94;2020;43;;204426;206255;6-3 6-3
280;R32;110;2020;43;;201696;201593;6-3 6-4
279;R32;113;2020;43;;220714;201555;7-6(1) 6-3
278;R32;75;2020;43;;202499;201551;6-1 6-2
277;R32;132;2020;43;;206420;201540;5-7 6-0 6-1
276;R32;67;2020;43;;211539;206408;6-2 6-1
275;R32;177;2020;43;;201506;201514;7-5 1-6 6-4
274;R32;87;2020;43;;201697;206289;6-4 6-4
273;R32;105;2020;43;;215035;204427;6-3 6-4
272;R32;146;2020;43;;206219;214461;2-6 6-4 6-4
271;R32;99;2020;43;;202429;202490;7-5 6-4
270;R32;150;2020;43;;215219;214954;1-6 7-5 6-4
300;F;102;2020;44;;206108;213525;6-3 6-4
299;SF;70;2020;44;;213525;201603;6-3 6-2
298;SF;70;2020;44;;206108;221103;6-2 6-4
297;QF;127;2020;44;;201603;200033;1-6 6-4 7-6(5)
296;QF;81;2020;44;;213525;214263;6-2 6-4
295;QF;64;2020;44;;206108;213631;6-1 6-2
294;QF;118;2020;44;;221103;202460;4-6 6-4 6-1
293;R16;139;2020;44;;200033;200748;3-6 6-3 6-4
292;R16;99;2020;44;;201603;220367;6-2 7-5
291;R16;85;2020;44;;214263;202468;6-3 6-2
290;R16;88;2020;44;;213525;201709;6-2 6-2
289;R16;68;2020;44;;206108;202663;6-2 6-3
288;R16;102;2020;44;;213631;215020;6-4 6-2
287;R16;109;2020;44;;202460;201501;3-6 6-2 6-4
286;R16;168;2020;44;;221103;214544;7-6(4) 4-6 6-4
285;R32;136;2020;44;;200033;211095;4-6 6-4 6-1
284;R32;80;2020;44;;200748;201458;6-3 6-2
283;R32;127;2020;44;;201603;201595;6-4 4-6 6-2
282;R32;73;2020;44;;220367;201585;6-3 6-3
281;R32;61;2020;44;;214263;215371;6-1 6-2
280;R32;140;2020;44;;202468;201329;6-1 5-7 6-4
279;R32;72;2020;44;;213525;214939;6-2 7-5
278;R32;84;2020;44;;201709;201548;6-0 6-4
277;R32;81;2020;44;;202663;201616;6-2 6-3
276;R32;66;2020;44;;206108;201586;6-2 6-1
275;R32;127;2020;44;;215020;201529;2-6 6-4 3-1 RET
274;R32;121;2020;44;;213631;202427;6-4 6-4
273;R32;86;2020;44;;202460;216083;6-2 6-4
272;R32;94;2020;44;;201501;201318;7-6(4) 6-1
271;R32;102;2020;44;;221103;214452;7-5 7-5
270;R32;147;2020;44;;214544;201483;6-1 6-7(5) 6-2
300;F;93;2020;45;;201594;210722;6-2 7-5
299;SF;91;2020;45;;201594;201593;7-6(2) 6-3
298;SF;116;2020;45;;210722;201697;7-5 7-6(4)
297;QF;59;2020;45;;201594;211684;6-2 6-0
296;QF;160;2020;45;;201593;204427;6-2 4-6 6-2
295;QF;137;2020;45;;210722;202446;6-4 1-6 6-4
294;QF;38;2020;45;;201697;202536;2-5 RET
293;R16;125;2020;45;;201594;206252;3-6 7-5 6-2
292;R16;128;2020;45;;211684;201551;6-3 2-6 6-4
291;R16;208;2020;45;;201593;215259;6-7(3) 7-5 7-6(7)
290;R16;102;2020;45;;204427;201696;6-2 6-3
289;R16;172;2020;45;;202446;214461;7-6(2) 6-7(2) 6-2
288;R16;103;2020;45;;210722;202429;6-4 6-2
287;R16;0;2020;45;;202536;201615;W/O
286;R16;81;2020;45;;201697;201549;6-1 7-5
285;R32;150;2020;45;;201594;201555;6-1 1-6 7-6(3)
284;R32;107;2020;45;;206252;206255;6-4 6-3
283;R32;125;2020;45;;211684;211817;7-6(8) 6-3
282;R32;104;2020;45;;201551;201499;7-5 6-2
281;R32;68;2020;45;;201593;201545;6-2 6-2
280;R32;78;2020;45;;215259;211901;6-4 6-3
279;R32;110;2020;45;;201696;210886;4-6 6-0 6-1
278;R32;124;2020;45;;204427;201366;7-6(3) 6-1
277;R32;75;2020;45;;202446;206368;6-0 6-3
276;R32;107;2020;45;;214461;211701;6-3 3-6 6-0
275;R32;131;2020;45;;202429;216146;4-6 6-2 7-6(4)
274;R32;161;2020;45;;210722;211148;7-5 4-6 6-3
273;R32;75;2020;45;;201615;206420;6-2 6-4
272;R32;76;2020;45;;202536;204411;6-1 6-1
271;R32;101;2020;45;;201697;222258;6-2 7-5
270;R32;110;2020;45;;201549;219875;7-6(2) 6-3
300;F;0;2020;22;;201458;211768;W/O
299;SF;121;2020;22;;211768;210722;6-2 7-6(5)
298;SF;138;2020;22;;201458;202427;4-6 6-4 6-1
297;QF;64;2020;22;;210722;202468;6-1 6-3
296;QF;113;2020;22;;211768;204426;4-6 6-2 7-5
295;QF;92;2020;22;;202427;206289;6-4 6-3
294;QF;104;2020;22;;201458;202460;7-6(9) 6-2
293;R16;87;2020;22;;210722;206368;6-2 6-3
292;R16;126;2020;22;;202468;214544;6-2 2-6 6-3
291;R16;70;2020;22;;211768;215035;6-3 6-1
290;R16;79;2020;22;;204426;213631;6-3 6-3
289;R16;81;2020;22;;202427;201329;6-4 6-2
288;R16;137;2020;22;;206289;200033;5-7 7-6(5) 6-1
287;R16;75;2020;22;;202460;201539;6-3 6-0
286;R16;121;2020;22;;201458;201427;6-4 7-5
285;R32;105;2020;22;;206368;201662;7-5 6-4
284;R32;138;2020;22;;210722;201540;6-1 6-7(5) 6-3
283;R32;79;2020;22;;202468;216153;7-5 6-2
282;R32;140;2020;22;;214544;214263;6-7(1) 6-4 7-5
281;R32;153;2020;22;;211768;214096;6-7(5) 6-4 6-2
280;R32;127;2020;22;;215035;211095;7-6(5) 4-6 6-3
279;R32;70;2020;22;;204426;213525;6-3 6-4
278;R32;145;2020;22;;213631;201520;2-6 7-5 6-2
277;R32;63;2020;22;;202427;201465;6-2 6-0
276;R32;69;2020;22;;201329;201696;6-1 6-1
275;R32;103;2020;22;;206289;201709;6-4 7-6(9)
274;R32;168;2020;22;;200033;201551;7-6(6) 3-6 7-6(0)
273;R32;60;2020;22;;202460;201619;6-4 6-1
272;R32;82;2020;22;;201539;206420;6-1 7-6(8)
271;R32;109;2020;22;;201458;201614;6-2 7-6(8)
270;R32;103;2020;22;;201427;213550;6-1 7-6(7)
268;R64;166;2020;22;;206368;201548;5-7 6-3 7-5
267;R64;89;2020;22;;201540;201545;6-3 6-4
266;R64;59;2020;22;;210722;202490;6-0 6-2
265;R64;70;2020;22;;216153;201590;6-3 6-3
264;R64;106;2020;22;;202468;206108;7-6(5) 6-4
263;R64;120;2020;22;;214263;206219;6-2 3-6 7-6(1)
260;R64;78;2020;22;;214096;215983;6-4 6-4
259;R64;104;2020;22;;211095;201586;6-1 3-6 6-3
258;R64;156;2020;22;;215035;200748;5-7 6-2 7-5
257;R64;56;2020;22;;204426;214082;6-3 6-1
256;R64;81;2020;22;;213525;203389;6-3 6-3
255;R64;88;2020;22;;213631;214939;6-1 7-5
252;R64;75;2020;22;;201465;211701;6-3 6-3
251;R64;105;2020;22;;201329;202663;1-6 6-3 6-1
250;R64;157;2020;22;;201696;214954;6-3 6-7(3) 6-4
249;R64;65;2020;22;;206289;221103;6-1 6-3
248;R64;99;2020;22;;201709;201533;6-4 6-3
247;R64;86;2020;22;;201551;202421;6-2 6-3
244;R64;115;2020;22;;202460;220367;0-6 6-4 6-3
243;R64;83;2020;22;;201539;216347;6-2 6-4
242;R64;97;2020;22;;206420;214981;7-5 7-6(6)
241;R64;71;2020;22;;201458;202499;6-2 6-3
240;R64;94;2020;22;;201614;201585;6-3 7-6(4)
239;R64;87;2020;22;;201427;216083;6-0 6-4
100;R128;63;2020;4;;201662;211843;6-4 6-0
101;R128;81;2020;4;;201614;211148;6-3 6-2
102;R128;135;2020;4;;214263;211337;6-7(13) 6-3 6-2
103;R128;76;2020;4;;206108;215020;6-3 6-2
104;R128;88;2020;4;;201493;201548;6-4 6-4
105;R128;73;2020;4;;204431;214452;6-2 6-2
106;R128;110;2020;4;;215983;201551;6-4 2-6 6-1
107;R128;62;2020;4;;201590;213583;6-3 6-2
108;R128;63;2020;4;;214954;213889;6-1 6-4
109;R128;121;2020;4;;205925;215371;2-6 7-6(6) 6-0
110;R128;136;2020;4;;214304;203530;1-6 7-6(2) 6-2
111;R128;64;2020;4;;201709;221905;6-1 6-3
112;R128;86;2020;4;;201540;221024;7-5 6-2
113;R128;95;2020;4;;219875;211651;6-4 7-5
114;R128;81;2020;4;;201435;213530;3-6 6-3 6-1
115;R128;148;2020;4;;201549;206124;5-7 6-2 6-4
116;R128;123;2020;4;;211768;201595;6-2 5-7 6-2
117;R128;112;2020;4;;202429;202421;2-6 6-1 7-5
118;R128;59;2020;4;;216146;214082;6-1 6-2
119;R128;122;2020;4;;201545;221103;6-3 5-7 6-4
120;R128;128;2020;4;;202663;213666;6-1 4-6 6-4
121;R128;130;2020;4;;203575;211878;6-4 3-6 6-2
122;R128;114;2020;4;;215219;213672;6-4 7-6(2)
123;R128;127;2020;4;;204426;203389;5-7 6-2 6-2
124;R128;67;2020;4;;214981;215290;6-3 6-0
125;R128;55;2020;4;;201603;202701;6-2 6-2
126;R128;59;2020;4;;201483;201613;6-2 6-2
127;R128;146;2020;4;;215035;206292;6-3 6-7(4) 7-6(2)
128;R128;122;2020;4;;201465;202490;7-6(1) 6-4
129;R128;169;2020;4;;202468;213631;3-6 6-2 7-6(3)
130;R128;93;2020;4;;203462;215992;6-3 7-5
131;R128;63;2020;4;;201520;201593;6-3 6-2
132;R128;55;2020;4;;201619;201693;6-1 6-1
133;R128;102;2020;4;;211901;213525;7-6(3) 6-2
134;R128;104;2020;4;;201427;201616;6-3 1-6 6-0
135;R128;106;2020;4;;204434;201533;4-6 6-3 6-2
136;R128;124;2020;4;;202499;201697;3-6 7-6(6) 6-4
137;R128;58;2020;4;;206255;201597;6-1 6-0
138;R128;80;2020;4;;201450;214643;6-2 6-3
139;R128;90;2020;4;;202469;211702;6-4 6-4
140;R128;125;2020;4;;206289;201527;6-3 3-6 7-5
141;R128;105;2020;4;;211095;201610;7-6(4) 6-0
142;R128;103;2020;4;;221512;212001;7-6(3) 6-2
143;R128;87;2020;4;;216153;202600;7-5 7-5
144;R128;76;2020;4;;201585;202596;6-3 6-3
145;R128;64;2020;4;;201501;201534;6-1 6-2
146;R128;138;2020;4;;202506;201620;6-3 6-7(0) 6-0
147;R128;81;2020;4;;200033;201529;7-5 6-3
148;R128;90;2020;4;;214544;206219;7-6(1) 6-4
149;R128;59;2020;4;;201458;202482;6-1 6-2
150;R128;81;2020;4;;203500;203501;6-2 6-4
151;R128;92;2020;4;;216347;206368;6-3 6-3
152;R128;109;2020;4;;214096;200748;6-3 7-5
153;R128;80;2020;4;;214939;211411;6-4 6-3
154;R128;96;2020;4;;201514;201539;6-4 7-5
155;R128;108;2020;4;;202427;201586;7-6(7) 6-1
156;R128;87;2020;4;;210722;201696;6-2 6-2
157;R128;106;2020;4;;204427;214906;6-2 6-4
158;R128;62;2020;4;;216083;214149;6-4 6-1
159;R128;106;2020;4;;206420;200079;3-6 7-5 6-1
160;R128;89;2020;4;;202460;203514;6-2 7-6(6)
161;R128;68;2020;4;;201466;211701;6-1 6-2
162;R128;103;2020;4;;220367;201329;6-4 7-5
163;R128;68;2020;4;;213550;201518;6-2 6-2
164;R64;93;2020;4;;201614;201662;6-1 7-6(2)
165;R64;51;2020;4;;206108;214263;6-1 6-2
166;R64;100;2020;4;;201493;204431;6-3 7-6(6)
167;R64;75;2020;4;;215983;201590;6-0 6-3
168;R64;65;2020;4;;205925;214954;6-1 6-2
169;R64;74;2020;4;;201709;214304;6-3 6-3
170;R64;133;2020;4;;219875;201540;1-6 7-6(2) 6-0
171;R64;82;2020;4;;201549;201435;6-3 6-4
172;R64;70;2020;4;;211768;202429;6-1 6-2
173;R64;81;2020;4;;216146;201545;6-3 7-6(5)
174;R64;174;2020;4;;202663;203575;6-1 6-7(2) 7-6(4)
175;R64;73;2020;4;;204426;215219;6-4 6-1
176;R64;87;2020;4;;201603;214981;7-5 6-1
177;R64;75;2020;4;;201483;215035;6-2 6-3
178;R64;150;2020;4;;202468;201465;7-6(1) 6-7(3) 6-3
179;R64;101;2020;4;;201520;203462;7-6(3) 6-2
180;R64;54;2020;4;;201619;211901;6-2 6-1
181;R64;106;2020;4;;201427;204434;7-6(4) 6-3
182;R64;75;2020;4;;202499;206255;6-2 6-1
183;R64;81;2020;4;;201450;202469;7-5 6-3
184;R64;103;2020;4;;206289;211095;2-6 6-3 6-2
185;R64;116;2020;4;;216153;221512;4-6 6-4 6-1
186;R64;66;2020;4;;201585;201501;6-2 6-2
187;R64;93;2020;4;;200033;202506;6-2 6-4
188;R64;67;2020;4;;201458;214544;6-1 6-3
189;R64;148;2020;4;;216347;203500;6-7(5) 6-3 6-4
190;R64;80;2020;4;;214096;214939;6-3 7-6(4)
191;R64;170;2020;4;;201514;202427;2-6 7-6(5) 6-4
192;R64;133;2020;4;;210722;204427;6-3 7-5
193;R64;146;2020;4;;216083;206420;4-6 6-3 7-6(2)
194;R64;79;2020;4;;202460;201466;7-6(8) 6-0
195;R64;81;2020;4;;213550;220367;6-4 6-3
196;R32;76;2020;4;;206108;201614;6-3 6-3
197;R32;76;2020;4;;201493;215983;6-3 6-4
198;R32;120;2020;4;;201709;205925;3-6 6-2 6-1
199;R32;87;2020;4;;201549;219875;6-3 6-3
200;R32;153;2020;4;;211768;216146;6-3 6-7(4) 6-2
201;R32;70;2020;4;;204426;202663;6-3 6-2
202;R32;69;2020;4;;201603;201483;6-2 6-4
203;R32;84;2020;4;;201520;202468;6-4 6-3
204;R32;89;2020;4;;201427;201619;7-6(4) 3-2 RET
205;R32;64;2020;4;;201450;202499;6-4 6-1
206;R32;55;2020;4;;206289;216153;6-3 6-1
207;R32;104;2020;4;;200033;201585;2-6 6-2 6-2
208;R32;98;2020;4;;201458;216347;6-4 6-2
209;R32;136;2020;4;;214096;201514;6-3 2-6 7-6(7)
210;R32;84;2020;4;;210722;216083;7-5 6-1
211;R32;99;2020;4;;213550;202460;7-6(4) 6-3
212;R16;89;2020;4;;206108;201493;6-1 6-4
213;R16;157;2020;4;;201709;201549;6-3 2-6 6-4
214;R16;72;2020;4;;211768;204426;6-3 6-4
215;R16;160;2020;4;;201603;201520;7-6(5) 3-6 7-6(6)
216;R16;169;2020;4;;201450;201427;6-4 6-7(5) 6-3
217;R16;148;2020;4;;200033;206289;6-3 6-7(6) 6-3
218;R16;150;2020;4;;201458;214096;5-7 6-1 6-4
219;R16;75;2020;4;;210722;213550;6-3 6-3
220;QF;69;2020;4;;206108;201709;6-3 6-2
221;QF;80;2020;4;;211768;201603;6-3 6-4
222;QF;132;2020;4;;200033;201450;4-6 6-3 6-2
223;QF;73;2020;4;;201458;210722;6-1 6-0
224;SF;128;2020;4;;211768;206108;7-6(1) 3-6 6-3
225;SF;116;2020;4;;201458;200033;1-6 6-3 6-3
226;F;113;2020;4;;211768;201458;1-6 6-3 6-3
300;F;149;2020;46;;206255;202446;2-6 6-1 7-6(4)
299;SF;85;2020;46;;202446;211651;6-3 6-2
298;SF;109;2020;46;;206255;206124;6-3 6-3
297;QF;182;2020;46;;202446;203575;3-6 6-4 7-5
296;QF;159;2020;46;;211651;201555;4-6 6-3 6-4
295;QF;82;2020;46;;206124;205925;6-2 6-3
294;QF;86;2020;46;;206255;202490;6-3 6-1
293;R16;170;2020;46;;202446;201320;7-6(3) 6-7(5) 6-2
292;R16;90;2020;46;;203575;202421;6-3 6-4
291;R16;106;2020;46;;201555;211148;7-5 6-4
290;R16;97;2020;46;;211651;204427;6-1 6-4
289;R16;173;2020;46;;205925;203533;6-7(5) 6-4 6-3
288;R16;69;2020;46;;206124;201614;6-1 6-4
287;R16;64;2020;46;;206255;201595;6-2 6-0
286;R16;30;2020;46;;202490;202506;3-2 RET
284;R32;94;2020;46;;202446;202600;6-2 6-4
283;R32;86;2020;46;;203575;201435;7-5 6-2
282;R32;72;2020;46;;202421;214149;6-3 6-4
281;R32;72;2020;46;;201555;214507;6-2 6-3
280;R32;122;2020;46;;211148;201527;6-1 4-6 6-3
279;R32;70;2020;46;;211651;215290;6-1 6-2
278;R32;43;2020;46;;204427;201586;3-2 RET
277;R32;143;2020;46;;205925;201610;3-6 7-5 6-1
276;R32;138;2020;46;;203533;215219;7-5 1-6 6-4
275;R32;110;2020;46;;206124;213889;7-6(5) 6-3
274;R32;151;2020;46;;201614;201666;6-4 0-6 7-5
273;R32;141;2020;46;;201595;206391;6-7(4) 7-5 6-1
272;R32;117;2020;46;;206255;215337;6-3 7-5
271;R32;64;2020;46;;202506;201664;6-2 6-0
300;F;32;2020;24;;201594;201662;6-0 2-1 RET
299;SF;137;2020;24;;201594;202469;6-3 4-6 6-4
298;SF;82;2020;24;;201662;214954;6-2 6-4
297;QF;48;2020;24;;201594;201709;6-2 2-0 RET
296;QF;139;2020;24;;202469;201458;3-6 6-3 6-4
295;QF;80;2020;24;;214954;202494;6-3 6-0
294;QF;128;2020;24;;201662;210722;6-3 3-6 6-0
293;R16;87;2020;24;;201594;215035;7-5 6-4
292;R16;159;2020;24;;201709;214981;4-6 7-6(3) 6-2
291;R16;76;2020;24;;201458;214082;6-6 RET
290;R16;82;2020;24;;202469;202427;6-4 6-1
289;R16;143;2020;24;;214954;201555;1-6 6-1 7-6(5)
288;R16;114;2020;24;;202494;201320;7-6(6) 6-4
287;R16;106;2020;24;;210722;203575;6-4 6-4
286;R16;78;2020;24;;201662;215020;6-4 6-3
285;R32;83;2020;24;;201594;211148;6-3 6-4
284;R32;138;2020;24;;215035;216153;4-6 7-6(3) 6-4
283;R32;147;2020;24;;214981;213631;7-5 7-6(3)
282;R32;180;2020;24;;201709;201549;6-3 6-7(2) 6-4
281;R32;61;2020;24;;201458;213550;6-0 6-0
280;R32;80;2020;24;;214082;211701;6-2 6-3
279;R32;148;2020;24;;202469;221103;7-6(3) 3-6 6-3
278;R32;83;2020;24;;202427;201593;6-0 6-4
277;R32;96;2020;24;;201555;202428;6-4 6-4
276;R32;118;2020;24;;214954;201551;6-3 6-3
275;R32;165;2020;24;;201320;204426;4-6 7-5 6-3
274;R32;105;2020;24;;202494;201499;6-3 7-6(4)
273;R32;71;2020;24;;203575;202505;6-3 6-1
272;R32;103;2020;24;;210722;202663;6-2 6-4
271;R32;142;2020;24;;215020;211901;4-6 6-1 7-6(4)
270;R32;75;2020;24;;201662;201366;6-3 6-3
268;R64;66;2020;24;;211148;201545;6-2 6-3
267;R64;153;2020;24;;215035;202429;7-5 6-7(5) 6-4
266;R64;147;2020;24;;216153;202499;7-6(4) 7-6(6)
265;R64;61;2020;24;;214981;206420;6-0 6-4
264;R64;100;2020;24;;213631;201548;6-3 6-4
263;R64;103;2020;24;;201709;202490;6-2 6-4
260;R64;121;2020;24;;201458;200748;7-6(7) 6-2
259;R64;80;2020;24;;214082;201329;6-2 6-2
258;R64;69;2020;24;;211701;201493;6-3 6-1
257;R64;81;2020;24;;202469;201585;6-3 6-3
256;R64;81;2020;24;;221103;202460;6-4 6-3
255;R64;84;2020;24;;201593;220714;6-2 6-2
252;R64;140;2020;24;;201555;215219;4-6 6-4 6-1
251;R64;132;2020;24;;201551;216347;7-6(5) 6-3
250;R64;153;2020;24;;214954;201595;6-1 4-6 6-4
249;R64;98;2020;24;;204426;201614;6-3 7-6(1)
248;R64;135;2020;24;;201320;211095;3-6 7-6(3) 6-3
247;R64;129;2020;24;;201499;201533;6-4 6-7(5) 6-1
244;R64;63;2020;24;;203575;201504;6-1 6-0
243;R64;93;2020;24;;202663;211533;6-4 6-3
242;R64;71;2020;24;;210722;201444;6-3 6-1
241;R64;172;2020;24;;211901;201590;5-7 7-6(4) 6-3
240;R64;75;2020;24;;215020;213525;6-3 6-3
239;R64;91;2020;24;;201366;206368;6-3 6-3
300;F;112;2020;47;;202494;214981;6-4 1-6 6-2
299;SF;76;2020;47;;214981;211702;6-3 6-4
298;SF;114;2020;47;;202494;214544;6-2 4-6 6-4
297;QF;101;2020;47;;211702;211533;7-6(2) 7-6(4)
296;QF;59;2020;47;;214981;201533;6-3 6-2
295;QF;146;2020;47;;214544;211701;2-6 6-3 6-3
294;QF;83;2020;47;;202494;213525;6-4 6-3
293;R16;120;2020;47;;211533;202428;2-6 6-4 4-2 RET
292;R16;107;2020;47;;211702;201610;7-5 6-3
291;R16;108;2020;47;;201533;216262;6-3 7-6(3)
290;R16;109;2020;47;;214981;201427;6-3 7-6(8)
289;R16;80;2020;47;;211701;206420;6-2 6-4
288;R16;115;2020;47;;214544;215020;1-6 6-4 6-2
287;R16;117;2020;47;;213525;201499;7-6(3) 7-5
286;R16;118;2020;47;;202494;202663;7-6(0) 7-5
284;R32;77;2020;47;;211533;201616;6-2 6-3
283;R32;188;2020;47;;201610;201539;6-7(4) 7-5 7-6(3)
282;R32;105;2020;47;;211702;201585;6-2 3-6 6-1
281;R32;107;2020;47;;216262;201435;3-6 6-1 6-4
280;R32;123;2020;47;;201533;201548;3-6 6-4 6-2
279;R32;99;2020;47;;201427;201555;6-3 6-4
278;R32;91;2020;47;;214981;213889;7-5 6-4
277;R32;39;2020;47;;206420;204411;6-1 6-0
276;R32;142;2020;47;;211701;211095;4-6 7-6(3) 6-1
275;R32;57;2020;47;;215020;202707;6-1 6-2
274;R32;68;2020;47;;214544;206391;6-4 6-3
273;R32;67;2020;47;;213525;216153;6-2 6-3
272;R32;97;2020;47;;201499;202421;6-3 7-5
271;R32;77;2020;47;;202663;201426;6-4 6-3
2101;R128;82;2020;2;;201594;204427;6-4 6-0
2102;R128;150;2020;2;;201593;213525;6-4 4-6 6-3
2103;R128;86;2020;2;;211095;214263;7-6(3) 6-1
2104;R128;59;2020;2;;216153;211337;6-2 6-0
2105;R128;89;2020;2;;201611;215035;6-4 6-3
2106;R128;81;2020;2;;202446;214939;6-4 6-4
2107;R128;94;2020;2;;201444;202482;6-3 7-6(1)
2108;R128;63;2020;2;;216347;214954;6-1 6-2
2109;R128;101;2020;2;;221103;202427;6-3 6-3
2110;R128;61;2020;2;;203354;202429;7-5 3-0 RET
2111;R128;64;2020;2;;215872;201603;6-2 6-3
2112;R128;76;2020;2;;206289;201548;6-0 7-5
2113;R128;94;2020;2;;201499;201320;6-1 2-6 6-1
2114;R128;103;2020;2;;211701;201616;7-6(5) 6-2
2115;R128;53;2020;2;;201506;201620;6-2 6-1
2116;R128;125;2020;2;;202428;215290;2-6 6-2 6-0
2117;R128;97;2020;2;;202494;219875;7-6(2) 6-4
2118;R128;64;2020;2;;213887;221039;6-1 6-2
2119;R128;134;2020;2;;206292;215020;6-3 2-6 7-5
2120;R128;83;2020;2;;206420;213666;6-3 6-3
2121;R128;125;2020;2;;201614;204426;6-4 3-6 6-4
2122;R128;104;2020;2;;205925;204431;6-2 2-6 6-3
2123;R128;133;2020;2;;201466;213631;4-6 6-4 6-2
2124;R128;103;2020;2;;210722;202506;6-2 6-3
2125;R128;61;2020;2;;201458;203575;6-1 6-2
2126;R128;126;2020;2;;203533;200748;6-4 6-4
2127;R128;54;2020;2;;206408;213889;6-2 6-1
2128;R128;68;2020;2;;201709;201465;6-1 6-2
2129;R128;124;2020;2;;201366;201478;7-5 6-2
2130;R128;93;2020;2;;206252;211411;6-3 7-5
2131;R128;73;2020;2;;201450;201492;6-3 6-3
2132;R128;101;2020;2;;200033;201529;7-6(2) 6-0
2133;R128;73;2020;2;;214544;202468;6-3 6-1
2134;R128;65;2020;2;;214082;211552;6-2 6-1
2135;R128;58;2020;2;;211702;216146;6-4 6-0
2136;R128;107;2020;2;;202460;201610;4-6 6-3 6-1
2137;R128;165;2020;2;;220704;206108;6-4 3-6 9-7
2138;R128;107;2020;2;;203389;201512;2-6 6-2 6-1
2139;R128;56;2020;2;;201697;214149;6-1 6-2
2140;R128;181;2020;2;;202469;214461;7-5 4-6 8-6
2141;R128;65;2020;2;;214981;201514;6-0 6-3
2142;R128;111;2020;2;;211539;201586;7-6(4) 6-4
2143;R128;118;2020;2;;206255;201527;7-5 7-5
2144;R128;86;2020;2;;201539;214096;6-2 6-4
2145;R128;117;2020;2;;210705;202499;6-3 6-4
2146;R128;104;2020;2;;202421;202490;2-6 6-3 6-1
2147;R128;86;2020;2;;202536;201693;6-4 6-2
2148;R128;118;2020;2;;213550;214643;6-4 3-6 6-3
2149;R128;77;2020;2;;201520;206219;6-3 7-5
2150;R128;74;2020;2;;211148;211901;6-4 6-3
2151;R128;88;2020;2;;201555;220348;6-4 6-2
2152;R128;130;2020;2;;220367;202663;1-6 6-2 6-3
2153;R128;67;2020;2;;215219;201493;6-3 6-3
2154;R128;177;2020;2;;216262;201551;6-7(7) 7-6(2) 6-3
2155;R128;89;2020;2;;201427;203564;6-3 6-2
2156;R128;93;2020;2;;201533;201619;6-3 7-6(2)
2157;R128;108;2020;2;;201549;201595;7-6(2) 7-5
2158;R128;79;2020;2;;206368;201426;6-2 6-3
2159;R128;122;2020;2;;201696;201540;7-5 6-3
2160;R128;137;2020;2;;201504;201590;6-3 6-7(4) 6-1
2161;R128;66;2020;2;;201585;201554;6-2 6-2
2162;R128;122;2020;2;;211651;203462;6-2 4-6 6-3
2163;R128;62;2020;2;;211533;201483;6-2 6-1
2164;R128;135;2020;2;;201662;210886;6-7(9) 6-2 6-4
2201;R64;83;2020;2;;201594;201593;6-3 6-4
2202;R64;57;2020;2;;216153;211095;6-2 6-0
2203;R64;144;2020;2;;202446;201611;5-7 6-4 6-3
2204;R64;67;2020;2;;216347;201444;6-1 6-4
2205;R64;131;2020;2;;203354;221103;4-6 6-2 7-5
2206;R64;104;2020;2;;206289;215872;7-6(0) 6-2
2207;R64;77;2020;2;;211701;201499;6-3 6-4
2208;R64;191;2020;2;;202428;201506;7-6(5) 3-6 9-7
2209;R64;95;2020;2;;202494;213887;6-3 0-6 6-2
2210;R64;61;2020;2;;206420;206292;6-3 6-3
2211;R64;105;2020;2;;201614;205925;7-6(5) 6-2
2212;R64;102;2020;2;;210722;201466;6-4 7-5
2213;R64;102;2020;2;;203533;201458;6-2 6-2
2214;R64;122;2020;2;;206408;201709;6-3 1-6 6-2
2215;R64;162;2020;2;;206252;201366;6-4 3-6 6-3
2216;R64;0;2020;2;;201450;200033;W/O
2217;R64;89;2020;2;;214544;214082;7-6(6) 6-0
2218;R64;90;2020;2;;202460;211702;7-6(4) 6-4
2219;R64;70;2020;2;;203389;220704;6-2 6-3
2220;R64;68;2020;2;;202469;201697;6-3 6-2
2221;R64;123;2020;2;;211539;214981;6-3 4-6 6-2
2222;R64;96;2020;2;;206255;201539;6-4 6-3
2223;R64;48;2020;2;;210705;202421;6-1 4-0 RET
2224;R64;111;2020;2;;213550;202536;3-6 6-3 6-2
2225;R64;84;2020;2;;201520;211148;6-3 6-3
2226;R64;144;2020;2;;220367;201555;6-4 3-6 6-1
2227;R64;97;2020;2;;216262;215219;7-6(6) 6-2
2228;R64;114;2020;2;;201533;201427;6-4 7-6(3)
2229;R64;154;2020;2;;201549;206368;6-7(1) 7-5 6-3
2230;R64;111;2020;2;;201696;201504;1-6 6-1 6-3
2231;R64;100;2020;2;;211651;201585;6-4 4-6 6-2
2232;R64;69;2020;2;;211533;201662;6-4 6-2
2301;R32;54;2020;2;;201594;216153;6-0 6-1
2302;R32;74;2020;2;;216347;202446;6-3 6-2
2303;R32;159;2020;2;;203354;206289;1-6 7-6(6) 6-3
2304;R32;58;2020;2;;202428;211701;6-2 6-2
2305;R32;100;2020;2;;202494;206420;6-4 7-5
2306;R32;135;2020;2;;201614;210722;1-6 6-4 7-5
2307;R32;99;2020;2;;206408;203533;6-3 6-2
2308;R32;158;2020;2;;206252;201450;5-7 6-4 6-3
2309;R32;121;2020;2;;202460;214544;7-6(7) 2-6 6-3
2310;R32;146;2020;2;;203389;202469;7-5 2-6 6-4
2311;R32;168;2020;2;;211539;206255;7-6(7) 4-6 6-0
2312;R32;72;2020;2;;213550;210705;6-2 6-0
2313;R32;114;2020;2;;201520;220367;7-5 6-3
2314;R32;132;2020;2;;201533;216262;7-6(2) 7-5
2315;R32;143;2020;2;;201696;201549;6-7(5) 6-3 6-0
2316;R32;82;2020;2;;211651;211533;6-4 6-3
2401;R16;68;2020;2;;216347;201594;6-1 6-2
2402;R16;95;2020;2;;203354;202428;6-4 6-4
2403;R16;63;2020;2;;202494;201614;6-1 6-3
2404;R16;129;2020;2;;206408;206252;2-6 6-2 6-3
2405;R16;118;2020;2;;203389;202460;6-4 4-6 6-4
2406;R16;104;2020;2;;213550;211539;2-6 6-2 6-1
2407;R16;85;2020;2;;201520;201533;6-2 6-4
2408;R16;96;2020;2;;201696;211651;7-5 6-2
2501;QF;78;2020;2;;216347;203354;6-3 6-1
2502;QF;79;2020;2;;206408;202494;6-2 6-4
2503;QF;124;2020;2;;213550;203389;6-4 4-6 6-0
2504;QF;80;2020;2;;201520;201696;6-3 6-3
2601;SF;70;2020;2;;216347;206408;6-2 6-1
2602;SF;105;2020;2;;213550;201520;6-4 7-5
2701;F;84;2020;2;;216347;213550;6-4 6-1
300;F;68;2020;48;;214544;201458;6-2 6-2
299;SF;97;2020;48;;201458;206289;6-1 6-3
298;SF;75;2020;48;;214544;206108;6-4 6-4
297;QF;98;2020;48;;206289;202460;3-6 6-3 6-1
296;QF;90;2020;48;;201458;210722;6-4 6-1
295;QF;122;2020;48;;214544;204427;0-6 6-4 6-0
294;QF;117;2020;48;;206108;206368;6-7(5) 6-3 6-1
293;R16;76;2020;48;;206289;202494;6-3 6-3
292;R16;84;2020;48;;202460;211533;6-4 6-4
291;R16;133;2020;48;;201458;206252;2-6 6-2 6-1
290;R16;83;2020;48;;210722;214096;6-4 6-2
289;R16;86;2020;48;;204427;204426;6-1 6-4
288;R16;133;2020;48;;214544;221103;1-6 7-5 7-6(2)
287;R16;106;2020;48;;206108;214082;7-5 6-2
286;R16;116;2020;48;;206368;201662;4-6 6-4 6-3
284;R32;79;2020;48;;206289;201697;6-3 6-3
283;R32;74;2020;48;;202460;201366;6-2 6-2
282;R32;58;2020;48;;211533;201549;6-3 6-1
280;R32;75;2020;48;;206252;206124;7-5 6-1
279;R32;59;2020;48;;214096;201533;6-1 6-1
278;R32;72;2020;48;;210722;216153;6-2 6-3
277;R32;134;2020;48;;204426;206420;4-6 6-2 7-6(6)
276;R32;74;2020;48;;204427;202663;6-1 6-3
275;R32;95;2020;48;;221103;211701;7-5 6-4
273;R32;111;2020;48;;214082;214981;6-2 3-6 6-3
272;R32;121;2020;48;;206108;215035;3-6 7-6(6) 6-1
271;R32;73;2020;48;;206368;202499;6-2 6-4
300;F;102;2020;49;;214544;210722;7-5 6-2
299;SF;123;2020;49;;214544;206252;7-5 4-6 6-3
298;SF;125;2020;49;;210722;206420;2-6 6-1 7-5
297;QF;74;2020;49;;214544;206219;6-3 3-3 RET
296;QF;67;2020;49;;206252;205925;6-3 6-1
295;QF;58;2020;49;;206420;206408;6-2 6-1
294;QF;90;2020;49;;210722;206368;6-4 6-1
293;R16;67;2020;49;;214544;201527;6-0 6-3
292;R16;84;2020;49;;206219;201514;6-4 6-4
291;R16;171;2020;49;;206252;213889;5-7 7-6(7) 6-4
290;R16;131;2020;49;;205925;213544;3-6 6-1 6-3
289;R16;152;2020;49;;206408;202429;6-7(4) 6-1 6-4
288;R16;77;2020;49;;206420;219875;7-5 6-1
287;R16;102;2020;49;;206368;201551;6-4 1-6 6-3
286;R16;152;2020;49;;210722;201329;6-4 5-7 6-2
285;R32;86;2020;49;;214544;211148;6-4 6-4
284;R32;91;2020;49;;201527;214149;7-6(3) 6-3
283;R32;42;2020;49;;201514;211814;2-3 RET
282;R32;103;2020;49;;206219;213525;1-6 6-4 6-2
281;R32;77;2020;49;;213889;215035;6-4 6-3
280;R32;126;2020;49;;206252;211552;6-3 5-7 6-2
279;R32;48;2020;49;;213544;206124;6-2 3-1 RET
278;R32;79;2020;49;;205925;211095;6-3 6-1
277;R32;103;2020;49;;206408;201593;6-4 6-4
276;R32;158;2020;49;;202429;204427;6-3 5-7 6-4
275;R32;109;2020;49;;219875;215290;6-4 7-5
274;R32;79;2020;49;;206420;211701;6-3 6-4
273;R32;53;2020;49;;206368;202482;6-0 6-0
272;R32;71;2020;49;;201551;214461;6-4 6-4
271;R32;89;2020;49;;201329;216146;6-4 6-2
270;R32;125;2020;49;;210722;211843;2-6 6-1 6-2
